,Q-JW1-MON,Q-JW1-TUE,Q-JW1-WED,Q-JW1-THU,Q-JW1-FRI,Q-JW1-SAT,Q-JW1-SUN,Q-JW2-MON,Q-JW2-TUE,Q-JW2-WED,Q-JW2-THU,Q-JW2-FRI,Q-JW2-SAT,Q-JW2-SUN,Q-JW3-MON,Q-JW3-TUE,Q-JW3-WED,Q-JW3-THU,Q-JW3-FRI,Q-JW3-SAT,Q-JW3-SUN,Q-JW4-MON,Q-JW4-TUE,Q-JW4-WED,Q-JW4-THU,Q-JW4-FRI,Q-JW4-SAT,Q-JW4-SUN
00:00:00,3430.793,3341.158,3672.594,3378.247,3228.561,3266.441,3476.705,3402.626,3360.791,3017.858,3314.181,3137.901,3391.123,3095.283,3092.142,3170.661,3406.912,3190.251,3528.553,3463.318,3272.299,3330.095,3152.452,3218.206,3166.526,3212.099,3245.725,2563.581
00:15:00,3433.65,3448.955,3460.209,3324.772,3218.248,3310.608,3399.365,3457.978,3223.34,3003.206,3286.527,3173.471,3276.419,3098.068,3050.121,3166.872,3356.628,3102.221,3344.401,3324.947,3161.667,3309.281,3227.977,3083.264,3102.434,3177.128,3263.104,2536.19
00:30:00,3411.992,3403.288,3465.649,3386.205,3294.955,3261.569,3403.177,3430.714,3251.392,2950.212,3238.047,3157.585,3286.91,3084.359,3055.657,3203.692,3377.105,3139.184,3328.633,3304.141,3164.876,3294.443,3224.17,3037.807,3123.106,3152.73,3275.031,2592.413
00:45:00,3365.521,3418.626,3389.365,3398.038,3254.56,3310.751,3391.267,3396.627,3249.271,2935.458,3258.681,3109.903,3361.961,3064.234,3108.632,3203.384,3411.22,3026.66,3373.989,3213.586,3125.861,3278.965,3157.821,3041.592,3114.351,3202.27,3192.917,2417.136
01:00:00,3300.851,3412.042,3427.241,3372.934,3240.237,3215.8,3382.555,3307.843,3184.813,2918.315,3142.44,3092.965,3355.697,3098.437,3050.286,2989.328,3311.678,3044.54,3289.767,3237.797,3124.78,3252.289,3079.304,3080.929,3072.861,3180.988,2923.48,2485.576
01:15:00,3299.163,3362.518,3315.883,3195.224,3234.624,3255.702,3319.784,3276.988,3090.074,2867.843,3157.295,3088.565,3297.019,3012.493,3029.606,2966.554,3356.007,3013.526,3325.978,3171.875,3139.045,3228.217,3060.162,3042.234,3164.043,3235.652,2917.143,2453.528
01:30:00,3370.045,3339.112,3330.464,3268.666,3255.633,3229.046,3379.137,3340.135,3111.853,2853.443,3087.283,3065.264,3361.284,2990.092,2998.489,3058.673,3201.139,3109.468,3338.603,3204.829,3149.672,3158.412,3094.662,2959.375,2966.536,3151.225,2299.103,2462.97
01:45:00,3316.868,3349.673,3364.331,3242.252,3224.253,3110.22,3379.892,3386.068,3047.787,2885.793,3116.773,3152.408,3350.649,2981.077,2931.27,3061.842,3287.804,3112.397,3401.027,3179.082,3104.056,3118.738,3120.907,2974.514,3004.57,3125.36,2258.332,2457.386
02:00:00,3302.347,3307.996,3298.199,3293.26,3076.671,3077.03,3304.59,3369.065,2976.327,2872.263,3117.809,3120.321,3306.625,3085.291,2901.985,3006.6,3209.776,3059.49,3355.952,3168.004,3034.502,3098.059,3056.725,2967.737,2947.832,3040.768,2308.883,2466.442
02:15:00,3269.115,3310.563,3289.121,3169.374,3013.81,3033.39,3257.025,3319.232,3076.971,2843.913,3078.992,2991.052,3170.509,3091.069,2917.953,2986.244,3212.571,3052.468,3383.172,3137.989,3051.164,3105.884,3146.385,2979.173,3021.567,3027.555,3368.795,2428.004
02:30:00,3219.031,3292.607,3295.76,3221.884,3055.775,3114.223,3181.623,3264.64,2950.238,2888.975,3038.35,3012.449,3135.694,2881.144,2890.19,3046.791,3209.24,3078.051,3257.968,3042.012,3100.968,3062.386,3085.176,3038.919,2896.219,2992.348,3155.724,2441.874
02:45:00,3128.26,3344.591,3329.64,3127.457,2991.988,3132.448,3247.753,3246.252,2957.287,2832.441,3025.894,2964.662,3176.474,2906.12,2844.703,2929.631,3195.58,3099.878,3190.079,3067.603,3065.965,3089.321,3042.702,2968.506,2931.204,3017.636,3106.298,2452.208
03:00:00,3175.443,3262.054,3249.858,3165.45,3027.947,3093.602,3164.616,3177.816,2991.205,2814.185,3038.839,3011.859,2968.595,2902.575,2830.474,3020.118,3070.667,3006.996,3173.069,2981.876,2999.394,3059.918,3033.409,3042.571,2964.254,3047.488,3070.261,2376.238
03:15:00,3049.672,3205.337,3322.291,3096.895,2964.493,3089.24,3167.361,3183.512,2987.566,2806.077,3021.461,2960.06,2930.791,2818.969,2853.51,2952.338,3064.878,3082.333,3000.383,2934.261,3051.385,3017.119,2967.586,2962.094,3016.053,2946.651,3150.629,2388.281
03:30:00,3049.23,3205.4,3138.405,3153.248,2972.628,3012.709,3155.076,3081.56,2937.151,2819.819,2988.909,3028.508,2963.902,2950.444,2850.909,2941.603,3146.145,3071.174,3096.24,2953.991,2991.507,3072.444,3016.941,2989.495,2976.271,2962.621,3073.206,2357.657
03:45:00,3054.446,3206.027,3149.666,3099.813,3014.213,3014.301,3112.676,3135.477,2935.769,2816.507,2955.954,2960.115,2884.367,2945.82,2902.713,2946.286,3073.506,2976.334,2927.221,3015.34,2941.633,3002.334,2960.354,2969.881,2969.955,2996.219,3158.553,2340.686
04:00:00,2967.079,3139.006,3126.671,3092.507,2983.208,2927.529,3136.335,3098.31,2917.265,2781.746,2975.725,2994.352,2954.492,2918.355,2875.148,2924.655,3040.856,2985.632,2993.203,3043.184,3004.741,2979.39,2959.064,2868.919,2916.654,2966.822,3073.49,2351.669
04:15:00,3055.332,3209.169,3134.809,3182.966,2983.582,3032.832,3087.462,3219.742,2966.167,2841.538,2980.691,2945.384,2884.162,2852.406,2991.815,2963.377,3148.623,3079.259,3041.552,2954.298,2961.294,2961.494,2997.938,2878.027,2985.741,2977.327,3138.072,2321.875
04:30:00,3008.512,3249.425,3221.944,3179.045,3105.301,2977.18,3033.606,3223.021,2912.252,2814.678,3008.73,2970.105,2892.998,2872.047,2888.022,2866.089,3116.883,2979.969,2974.464,3027.529,2949.312,3076.271,3038.135,2928.005,3027.62,3012.297,2991.074,2358.562
04:45:00,3203.546,3261.589,3144.231,3167.684,3059.49,3039.664,3052.679,3151.165,2915.809,2749.256,3043.2,2942.303,2932.153,2819.302,2871.813,2964.234,3133.666,2991.972,2910.586,2946.142,2920.601,3043.955,3038.216,2893.388,2996.13,3084.076,3110.176,2269.16
05:00:00,3259.67,3342.839,3191.727,3149.377,3123.356,2948.182,3040.337,3292.844,2977.263,2853.205,3014.527,2993.949,2916.116,2822.363,2852.527,2933.229,3145.673,3055.399,2947.542,2982.138,3003.459,3077.765,3158.754,2956.388,3137.948,3128.308,3105.052,2262.719
05:15:00,3272.713,3374.324,3378.112,3287.444,3127.755,3030.144,3018.417,3208.112,3105.481,2816.754,3161.985,3128.348,2874.799,2936.984,3013.457,3079.179,3258.363,3169.2,3172.675,3033.189,2929.832,3104.857,3097.425,3035.696,3116.203,3137.168,3128.441,2181.421
05:30:00,3395.66,3364.228,3380.299,3183.993,3276.116,2993.196,3019.357,3279.135,3067.194,2796.44,3133.283,3203.033,2888.394,2890.66,3005.05,3162.618,3234.919,3072.103,3064.899,3021.294,2941.786,3132.419,3155.089,3152.579,3117.978,3235.242,3190.286,2188.491
05:45:00,3374.555,3377.392,3356.446,3224.488,3247.876,3016.697,3028.734,3332.833,3111.05,2866.841,3145.987,3228.606,2929.48,2859.017,2975.78,3134.992,3227.256,3138.212,3192.704,3019.622,2941.961,3196.473,3110.746,3120.079,3206.702,3280.381,3313.38,2132.844
06:00:00,3364.908,3397.073,3269.224,3206.744,3305.744,2947.816,2966.744,3331.693,3069.443,2982.447,3222.616,3183.558,2869.898,2841.21,3101.933,3128.072,3240.343,3160.65,3275.474,3066.112,3004.575,3257.835,3036.27,3113.475,3200.228,3267.612,3328.709,2124.278
06:15:00,3224.403,3244.717,3226.0,3094.57,3069.815,2803.703,2803.847,3138.528,2973.669,2869.098,3119.446,2996.545,2698.048,3003.226,2924.138,3010.203,3217.931,2998.4,3130.834,3175.804,2837.18,3163.627,3149.699,3016.929,3174.649,3004.283,3314.769,2096.095
06:30:00,3066.961,3112.031,2975.733,2978.877,2968.424,2746.803,2632.545,2982.162,2881.596,2641.059,2827.875,2948.716,2394.581,2675.844,2821.368,2843.855,3011.523,2871.733,2790.287,2749.635,2469.455,2817.246,2863.245,2747.199,2874.455,2776.527,3018.499,1832.651
06:45:00,3038.32,3087.543,2977.228,2850.193,2947.47,2612.501,2692.885,2973.419,2803.993,2595.717,2789.151,2884.026,2374.233,3181.052,2717.57,2713.069,2890.698,2846.033,2829.854,2815.329,2341.051,2794.146,2758.774,2737.512,2777.157,2701.848,2946.128,1911.433
07:00:00,3017.654,3126.944,2988.579,2893.072,2924.925,2646.724,2578.634,2996.861,2744.691,2683.41,2783.961,3047.53,2425.332,3288.854,2803.319,2814.552,2910.591,2770.389,2874.525,2801.666,2419.406,2787.977,2731.966,2813.92,2807.917,2912.934,3812.362,1855.074
07:15:00,3039.097,3138.066,3030.268,2914.644,2969.288,2718.472,2633.192,3049.542,2857.628,2758.151,2929.819,2985.944,2452.967,3370.156,2821.289,2799.609,2875.32,2931.636,3030.051,2853.104,2526.818,2839.833,2771.924,2761.956,2746.892,2903.143,2096.676,2003.258
07:30:00,3166.026,3285.845,3099.621,3007.05,3349.811,2827.745,2656.748,3047.961,2879.164,2759.359,2950.668,3171.121,2590.906,3434.845,2838.304,2855.592,3065.401,2917.989,3069.441,2742.406,2645.593,2968.685,3083.01,2897.317,3151.398,2982.721,2151.899,1963.461
07:45:00,3327.686,3285.727,3176.417,3279.27,3470.654,2894.366,2723.941,3175.72,3015.057,2934.443,3033.368,3214.868,2753.172,3597.335,3246.119,3011.441,3054.768,3032.415,3149.191,2819.389,2675.398,3035.311,3153.691,2876.035,3160.657,3003.94,2167.355,1965.899
08:00:00,3366.281,3407.573,3323.497,2432.047,3527.287,2927.782,2748.929,3365.697,3462.377,2940.222,3433.708,3313.017,2778.345,3632.141,3299.942,3357.16,3398.866,3253.528,3538.069,2906.904,2722.035,3040.386,3317.56,3385.715,3244.654,3412.453,2278.46,2138.866
08:15:00,3507.54,3549.891,3501.16,3356.972,3804.121,3032.57,2878.674,3497.036,2096.328,2868.609,3537.677,3276.75,3113.3,3755.212,3318.129,3376.077,3456.535,3351.713,3508.551,3139.428,2939.363,3259.01,3253.278,3396.386,3288.274,3519.333,2292.913,2119.193
08:30:00,3520.404,3527.021,3561.31,3290.382,3852.869,3263.085,2964.507,3710.323,1925.627,3549.809,3577.616,3281.839,3198.075,4004.935,3427.796,3442.63,3579.283,3396.669,3562.953,3060.865,2984.37,3327.064,3410.093,3480.654,3654.044,3653.339,2229.248,2268.792
08:45:00,3555.115,3580.97,3675.172,3405.639,3846.267,3287.548,2966.219,3734.733,2001.343,3691.869,3714.841,3346.171,3170.264,4020.66,3460.592,3594.737,3865.695,3578.19,3547.318,3233.51,3015.101,3398.482,3728.677,3478.965,3670.7,3791.134,2312.901,2228.673
09:00:00,3607.385,3918.787,3765.71,3443.663,3948.769,3328.595,3059.625,3855.046,2064.542,3827.267,3952.633,3790.619,3233.062,4137.226,3392.37,3918.291,3926.166,3631.652,3680.359,3286.717,3093.902,3444.806,3900.215,3485.801,3868.242,3829.074,2548.35,2280.085
09:15:00,4006.452,3885.184,3817.412,3416.391,4151.006,3447.83,3108.813,4017.163,2107.0,3886.019,3930.402,3810.784,3309.04,4149.328,3512.175,3922.357,3986.662,3630.733,3624.97,3568.529,3057.84,3789.031,3889.782,3649.799,3847.412,3890.855,2598.07,2233.759
09:30:00,4053.156,3898.504,3810.241,3541.138,4203.336,3427.217,3193.303,4033.471,3871.13,3837.626,3954.673,3889.462,3370.343,4208.09,3858.563,3991.011,3997.982,3650.041,3855.487,3593.132,3172.988,3841.397,3926.634,3938.26,3870.82,3860.209,2583.207,2411.562
09:45:00,4069.053,4023.198,3828.973,3572.484,4211.333,3555.573,3142.21,4064.657,3922.742,3868.859,4106.727,3947.982,3485.8,4393.022,3990.484,3950.328,4058.919,3696.152,3861.401,3663.257,3296.559,3892.694,3939.359,3968.311,3881.022,3985.577,2667.983,2423.927
10:00:00,4023.061,4120.435,3874.16,3624.943,4241.849,3674.538,3451.182,4149.314,3951.584,3905.188,4099.389,3854.131,3543.541,4433.532,3875.666,3988.267,4022.495,3657.895,3998.431,3644.589,3229.47,3848.141,3874.855,4000.846,3804.64,3952.284,2678.955,2424.392
10:15:00,4081.726,4068.282,3896.019,3691.792,4325.627,3717.278,3487.329,4165.612,3995.109,3998.652,4058.945,3938.328,3627.029,4507.523,3898.063,4060.469,3992.228,3751.148,3999.324,3654.405,3304.294,3974.484,4014.693,3960.013,4021.955,4046.933,2705.289,2482.905
10:30:00,4128.313,4152.835,3913.698,3815.989,4306.236,3993.089,3515.879,4271.437,4085.658,3988.908,4059.185,3903.653,3628.007,4536.615,3942.1,4088.924,4096.132,3687.891,4026.718,3754.944,3335.828,3971.429,4063.858,4001.212,4056.797,4029.068,2706.793,2478.071
10:45:00,4205.198,4204.068,3955.175,3785.767,4349.121,4025.032,3582.819,4271.828,4056.261,4014.61,4031.519,3870.606,3842.579,4640.742,3880.498,4078.975,4126.543,3776.188,3944.557,3738.491,3334.282,3934.143,4061.593,3982.953,4174.231,4026.178,2863.722,2484.78
11:00:00,4309.52,4260.201,3983.707,3850.412,4324.609,3986.577,3538.638,4276.856,4064.347,4045.857,4056.382,3914.625,3840.446,4646.257,4007.044,4125.001,4066.696,3798.396,4007.08,3711.131,3352.187,3938.23,3919.156,4044.253,4190.241,4101.505,2775.816,2483.633
11:15:00,4230.981,4213.318,3954.11,3678.842,4408.946,4097.654,3592.942,4174.488,4110.39,4017.764,4257.722,3925.5,3859.653,4631.745,4026.621,4241.133,4049.443,3878.562,4067.409,3759.073,3333.702,4163.039,3960.834,4011.429,4161.856,4041.524,2812.554,2801.987
11:30:00,4201.01,4194.925,3923.777,3807.173,4495.62,4089.778,3683.642,4101.884,4188.111,4206.283,4255.059,3980.951,3927.847,4761.109,3977.647,4280.21,4093.126,3874.221,4230.171,3864.941,3363.1,4126.617,3977.161,3952.883,4175.568499999999,4033.096,2844.333,2802.873
11:45:00,4199.962,4201.295,3776.919,3822.812,4443.379,4083.825,3663.352,4270.703,4157.036,4168.414,4175.363,4066.921,3913.593,4848.897,4052.519,4374.541,3996.786,3896.971,4158.673,3735.13,3353.62,4117.966,3977.294,3941.103,4189.281,3979.015,2785.55,2854.733
12:00:00,4229.196,4197.414,3678.719,3837.199,4445.2,4097.153,3583.564,4242.985,4108.749,4192.332,4245.139,4071.15,3915.758,4811.296,4061.875,4227.662,4017.105,3901.196,4182.04,3611.353,3252.541,4187.392,3987.049,3910.447,4268.901,4069.214,2795.596,2774.418
12:15:00,4359.63,4162.016,3847.851,3798.868,4365.779,4074.471,3621.637,4047.329,4023.938,4231.892,4195.048,3975.928,3910.011,4750.83,4085.098,4229.22,4128.875,3935.143,3976.147,3750.614,3381.338,4160.34,4119.864,4180.919,4170.017,4032.615,2802.119,2857.29
12:30:00,4392.347,4157.619,3853.589,3833.448,4367.116,4061.903,3693.01,4077.811,4090.345,4194.64,4264.281,4057.284,3950.835,4771.232,4141.119,4322.592,4095.059,4009.92,3969.719,3640.436,3336.453,4111.693,4054.124,4238.365,4168.772,3991.072,2791.49,2808.869
12:45:00,4193.383,4151.786,3920.616,3920.649,4374.186,4051.55,3610.707,4342.583,4067.898,4310.32,4207.742,4031.289,3911.105,4980.969,4252.543,4386.352,4177.545,3956.011,3989.091,3680.603,3359.257,4106.433,4113.749,4215.477,4166.32,3941.622,2762.534,2709.655
13:00:00,4292.47,4056.072,3962.079,3972.298,4405.437,4081.224,3630.96,4292.33,4100.858,4250.036,4186.621,4039.361,3899.757,4940.333,4302.194,4338.692,4197.637,3988.135,4031.615,3721.381,3366.908,4132.642,3985.981,4269.365,4250.729,4105.874,2814.698,2783.071
13:15:00,4236.129,4119.326,3977.547,3974.206,4466.94,4074.43,3727.121,4259.306,4024.816,4257.323,4194.828,4083.685,3870.029,3975.117,4385.804,4390.061,4141.515,4099.826,4029.789,3767.506,3412.775,4145.119,4158.927,4307.528,4244.071,4115.529,2811.055,2733.193
13:30:00,4302.452,4330.37,4038.362,3924.467,4502.467,4096.065,3647.234,4311.42,4155.266,4338.764,4153.556,4092.579,3950.06,3947.59,4472.116,4446.982,4175.911,4169.931,4032.497,3752.831,3387.81,4174.288,4162.825,4310.398,4211.661,4146.617,2857.609,2713.006
13:45:00,4302.441,4362.377,4016.622,3957.207,4496.075,4134.521,3646.042,4302.339,4154.12,4359.218,4201.328,4049.319,3974.624,3237.347,4480.262,4395.063,4115.523,4189.739,4183.234,3790.415,3370.717,4086.605,4140.328,4353.095,4343.848,4182.234,2841.23,2805.68
14:00:00,4312.958,4349.135,3947.77,3904.016,4402.812,3968.675,3592.166,4254.878,4082.368,4326.198,4136.538,3989.95,3881.185,3347.158,4366.414,4411.342,4123.913,4161.758,4129.513,3725.23,3332.99,4089.677,4061.836,4345.004,4302.143,4198.945,2817.14,2825.23
14:15:00,4232.753,4340.455,3906.011,3911.95,4383.858,4012.64,3621.896,4372.455,4075.071,4323.741,4049.056,4006.01,3822.642,3368.133,4363.348,4385.359,4101.278,4198.372,4206.284,3658.269,3380.561,4081.506,4121.749,4367.617,4309.747,4149.646,2872.108,2762.444
14:30:00,4158.073,4335.123,3880.668,3910.747,4400.034,4049.175,3637.052,4266.581,4133.735,4293.53,3976.504,4025.866,3870.546,3348.44,4400.588,4438.971,4157.859,4203.819,4244.684,3685.676,3336.222,4137.023,4140.603,4362.337,4314.472,4153.409,2907.035,2726.431
14:45:00,4196.311,4367.266,3801.545,3934.522,4315.238,4019.513,3616.834,4245.011,4095.078,4340.375,3975.173,4025.61,3905.186,3377.341,4418.693,4417.264,4041.303,4110.058,4215.16,3629.655,3326.008,4080.255,4056.195,4290.565,4263.971,4152.932,2876.374,2826.831
15:00:00,4163.304,4372.903,3845.158,3907.74,4368.861,3981.953,3618.387,4268.27,4107.414,4387.862,4079.134,4043.526,3931.193,3275.552,4417.054,4400.386,4040.332,4193.79,4223.838,3711.902,3346.497,4036.626,4069.083,4250.312,4190.927,4200.981,2838.279,2761.33
15:15:00,4234.144,4358.793,3867.699,3981.141,4381.113,3949.068,3609.437,4157.218,4000.861,4420.93,4162.531,4011.453,3922.011,3357.684,4483.519,4341.188,3981.208,4179.131,4156.412,3657.332,3465.84,4096.057,4039.24,4347.326,4320.384,4231.104,2826.931,2779.2
15:30:00,4079.33,4298.98,3857.696,3916.211,4336.333,3950.531,3571.117,4129.043,4138.602,4313.505,4042.528,3967.595,3924.222,3334.108,4401.199,4235.523,3996.632,4127.075,4114.353,3600.321,3543.151,4048.361,4144.147,4235.816,4313.303,4247.762,2844.39,2778.708
15:45:00,4118.871,4243.015,3986.476,3906.621,4389.871,3950.774,3586.974,4104.596,4133.828,4377.576,4069.898,4026.017,3833.216,3274.564,4405.049,4301.62,4043.964,4172.015,4069.695,3676.299,3571.961,4055.985,4071.654,4329.42,4367.174,4093.39,2836.534,2739.961
16:00:00,4150.697,4242.027,3929.117,3780.88,4442.861,3988.208,3517.176,4204.197,4105.856,4374.935,4010.894,3928.782,3736.708,3379.018,4460.933,4339.695,3866.485,4174.625,4096.706,3593.216,3552.581,4102.161,4135.75,4234.307,4323.608,4074.63,2906.73,2814.115
16:15:00,4207.389,4120.672,3899.181,3821.191,4365.534,4055.295,3507.176,4156.551,4124.025,4343.135,4002.045,3883.604,3724.993,3312.638,4100.53,4326.635,3918.391,4098.253,4047.746,3605.255,3530.327,4036.143,4037.102,4221.083,3981.249,4050.008,2893.311,2780.597
16:30:00,4115.283,4056.287,3853.814,3675.575,4356.366,4102.356,3547.824,3825.243,4024.812,3907.322,3905.539,3817.24,3720.684,3332.787,4023.934,4193.383,3880.326,4024.372,3952.577,3403.768,3385.224,4044.874,4051.053,4178.629,3883.347,4057.336,2819.125,2753.109
16:45:00,3764.362,4040.761,3728.681,3692.652,3984.843,4073.961,3558.891,3885.705,3951.023,3854.598,3549.341,3885.586,3649.033,3281.619,3928.473,3823.924,3952.81,3949.632,3893.251,3321.085,3393.194,3958.999,4001.606,3875.521,3875.284,3959.66,2795.98,2750.497
17:00:00,3721.191,4045.416,3735.401,3558.604,3933.687,3994.346,3432.143,3643.593,3553.28,3806.911,3620.278,3700.566,3677.277,3263.695,3791.281,3742.369,3777.885,3849.343,3930.912,3300.599,3435.219,3912.535,3865.331,3691.121,3756.469,3911.064,2819.752,2707.835
17:15:00,3637.158,3965.293,3688.963,3563.775,3868.507,3868.981,3419.256,3685.43,3495.587,3686.422,3578.924,3694.461,3688.821,3272.076,3619.595,3850.786,3636.264,3873.907,3900.477,3372.443,3363.386,3922.272,3884.682,3660.604,3639.634,3961.664,2836.948,2756.547
17:30:00,3664.665,3858.91,3729.757,3531.622,3891.177,3869.07,3434.396,3603.743,3477.813,3671.465,3583.698,3699.364,3722.047,3367.643,3582.963,3804.92,3697.456,3873.303,3814.04,3282.791,3346.756,3768.092,3867.21,3634.829,3624.354,3933.327,2855.338,2337.86
17:45:00,3613.843,3801.605,3691.349,3573.496,3849.213,3693.865,3395.984,3597.085,3406.695,3662.17,3574.472,3635.477,3619.222,3339.158,3544.61,3750.049,3586.932,3507.08,3538.803,3297.052,3229.559,3751.106,3772.304,3521.447,3547.149,3812.856,2705.581,2337.359
18:00:00,3746.187,4058.437,3802.189,3643.411,3913.844,3704.019,3460.546,3711.458,3474.268,3810.739,3636.542,3587.364,3724.923,3383.367,3555.735,3766.492,3661.804,3620.804,3632.039,3439.68,3305.691,3890.977,3816.878,3656.169,3590.527,3872.954,2735.386,2443.5
18:15:00,4054.575,4247.955,4089.598,3899.877,4043.644,3956.005,3862.283,4052.112,3771.993,4086.323,3768.843,4011.696,3936.986,3447.73,3801.65,4082.176,3901.765,3898.786,3933.793,3495.89,3384.583,3957.913,3854.038,3755.462,3824.926,3996.247,2820.048,2592.378
18:30:00,4118.344,4433.923,4141.332,4013.227,4260.104,4034.263,3888.456,4056.558,3930.053,4235.764,4032.821,4099.171,4119.77,3951.56,4069.959,4197.212,4051.609,4117.411,4063.301,3921.838,3788.657,4261.187,4398.867,4277.197,4160.456,4319.37,3085.464,2973.395
18:45:00,4055.543,4529.884,4142.533,4020.634,4194.525,3974.612,3970.997,4079.621,3902.978,4317.106,3912.786,4148.556,4039.69,3914.952,4254.474,4222.971,3971.641,4144.644,3956.122,3709.511,3744.747,4140.986,4386.414,4151.122,4047.026,4262.384,3093.726,3053.708
19:00:00,4088.521,4360.853,4109.348,3996.113,4181.468,3933.775,3958.046,3991.075,3920.208,4281.495,3910.823,4097.544,3936.551,3886.608,4105.634,4149.759,3974.421,4069.683,3823.447,3709.856,3771.419,4170.462,4233.584,4221.307,4126.536,4303.699,2887.964,3033.951
19:15:00,4036.017,4226.281,4138.179,3901.277,4105.838,3964.031,3924.787,4052.038,3781.897,4212.788,3900.252,4003.576,3903.229,3759.018,4132.475,4101.421,3900.421,3975.632,3935.45,3639.318,3687.881,4161.915,4172.847,4159.208,4027.519,4202.629,2904.57,2911.922
19:30:00,4100.256,4278.111,4071.434,3964.662,4187.373,3942.268,3870.564,4048.964,3809.684,4208.496,3952.95,3997.324,3827.787,3786.789,4074.099,4053.928,3920.672,3976.666,3903.99,3806.017,3757.993,4095.744,4172.406,4069.088,3977.251,4206.228,2897.443,2913.895
19:45:00,4102.592,4280.562,4131.977,3915.879,4192.992,3990.712,3916.85,4008.865,3817.707,4258.029,3984.845,4061.872,3917.984,3762.891,4064.665,4030.106,3873.983,4001.013,3858.291,3809.988,3770.39,4076.158,4171.493,4041.584,3997.958,4138.429,2846.839,2835.779
20:00:00,3955.51,4328.442,4082.862,3874.161,4187.858,3949.573,3831.296,4026.963,3795.4,4199.338,3976.394,3949.971,3771.93,3724.338,4036.969,4018.431,3818.553,3908.43,3914.425,3783.868,3765.531,4041.114,4164.324,4099.37,3946.948,3933.288,2838.143,2932.917
20:15:00,3994.761,4262.54,3908.41,3906.717,4121.058,3956.94,3882.227,3993.178,3856.831,4050.689,3912.841,4103.704,3758.703,3718.894,4028.354,4053.02,3750.658,3920.778,3895.789,3666.731,3693.985,4095.322,4145.559,3901.978,4031.667,3854.984,2798.558,2868.371
20:30:00,3991.512,4223.335,4005.02,3907.416,4133.346,3928.384,3896.932,4122.35,3793.155,4117.948,3925.902,4035.037,3754.079,3708.3,4044.62,4013.273,3628.792,3971.648,3951.935,3730.5,3655.408,4008.179,4096.031,3948.168,3996.062,3914.569,2793.961,2787.266
20:45:00,3943.083,4153.636,3980.667,3865.135,4098.049,4017.705,3864.477,4079.43,3669.864,4119.545,3948.265,3855.24,3736.391,3763.585,3970.255,4036.949,3550.931,3935.658,3945.828,3679.719,3734.248,4046.773,4076.452,3943.462,3929.42,3859.807,2764.761,2847.093
21:00:00,3872.156,4140.039,3921.718,3817.668,3983.308,3923.364,3800.159,4033.384,3628.545,4033.102,3856.453,3719.212,3737.621,3728.807,3916.319,4009.433,3490.22,3883.382,3779.406,3681.064,3684.764,3909.8,3994.98,3884.532,3950.753,3805.522,2767.153,2887.382
21:15:00,3902.048,4039.451,3862.562,3802.062,3895.793,3892.501,3643.766,3848.851,3600.126,3902.734,3832.248,3675.304,3708.014,3685.132,3451.111,3998.081,3501.29,3669.844,3807.71,3648.836,3424.495,3905.37,3769.149,3799.112,3954.821,3865.761,2625.046,2862.573
21:30:00,3860.151,3829.961,3890.138,3717.134,3928.815,3898.503,3672.733,3838.112,3564.976,3514.295,3725.303,3639.351,3480.259,3653.184,3491.909,3992.429,3470.314,3667.108,3781.172,3671.305,3348.597,3412.554,3755.392,3855.48,3865.0,3715.014,2612.771,2530.357
21:45:00,3830.421,3906.533,3563.049,3691.948,3960.176,3893.758,3664.105,3785.312,3585.815,3483.412,3672.409,3624.197,3393.948,3381.719,3485.833,3629.245,3272.464,3571.661,3771.241,3616.954,3481.76,3433.789,3585.828,3687.114,3476.221,3717.455,2632.456,2575.562
22:00:00,3783.627,3869.961,3493.202,3533.085,3886.744,3835.851,3740.041,3792.649,3565.115,3524.647,3344.56,3499.576,3498.108,3276.856,3446.734,3638.763,3352.643,3607.19,3731.25,3614.531,3419.543,3489.32,3625.648,3503.608,3362.507,3582.492,2524.69,2539.226
22:15:00,3558.926,3861.588,3474.337,3497.732,3844.625,3626.06,3666.156,3812.758,3338.139,3508.499,3298.754,3513.095,3403.572,3214.183,3388.092,3669.977,3416.424,3613.308,3434.476,3307.695,3453.195,3425.849,3332.013,3516.259,3376.334,3317.238,2585.346,2528.384
22:30:00,3517.513,3674.744,3544.996,3541.282,3735.206,3628.948,3663.368,3719.29,3229.33,3475.594,3243.087,3500.845,3374.196,3203.417,3350.271,3649.258,3346.092,3480.395,3447.998,3219.28,3383.751,3421.403,3221.911,3475.006,3441.049,3223.941,2549.882,2498.837
22:45:00,3489.344,3825.183,3476.599,3572.512,3457.296,3573.536,3570.09,3809.111,3253.153,3490.408,3260.244,3506.628,3392.892,3173.194,3249.444,3534.454,3322.451,3496.527,3338.979,3252.422,3297.973,3256.808,3306.734,3476.617,3404.404,3427.721,2587.741,2512.112
23:00:00,3499.668,3817.736,3415.349,3495.58,3362.747,3539.597,3612.758,3327.236,3110.631,3475.786,3175.019,3451.753,3326.72,3181.263,3238.247,3468.049,3291.954,3551.369,3388.201,3203.432,3256.794,3336.171,3260.934,3444.078,3329.37,3384.419,2591.726,2582.421
23:15:00,3442.483,3722.566,3382.953,3566.577,3264.322,3582.451,3577.013,3393.022,3190.696,3399.085,3271.68,3420.256,3367.259,3180.766,3269.766,3447.099,3342.896,3510.516,3441.062,3327.566,3353.425,3300.104,3276.975,3505.356,3291.524,3310.717,2645.965,2510.072
23:30:00,3461.897,3739.461,3391.1,3538.117,3338.326,3527.523,3568.663,3370.978,3154.919,3332.86,3255.776,3411.551,3340.77,3216.161,3204.774,3398.145,3272.691,3587.83,3569.689,3229.544,3332.74,3215.467,3239.502,3193.03,3261.906,3266.135,2526.05,2525.489
23:45:00,3426.988,3704.047,3423.017,3495.171,3383.903,3533.065,3498.068,3344.548,3155.706,3246.037,3215.843,3364.521,3215.432,3113.196,3203.155,3466.763,3202.623,3526.907,3470.942,3189.502,3258.069,3177.384,3156.632,3215.239,3206.223,3270.156,2562.558,2428.278
