modified_index,P-JW1-MON,P-JW1-TUE,P-JW1-WED,P-JW1-THU,P-JW1-FRI,P-JW1-SAT,P-JW1-SUN,P-JW2-MON,P-JW2-TUE,P-JW2-WED,P-JW2-THU,P-JW2-FRI,P-JW2-SAT,P-JW2-SUN,P-JW3-MON,P-JW3-TUE,P-JW3-WED,P-JW3-THU,P-JW3-FRI,P-JW3-SAT,P-JW3-SUN,P-JW4-MON,P-JW4-TUE,P-JW4-WED,P-JW4-THU,P-JW4-FRI,P-JW4-SAT,P-JW4-SUN,P-FW1-MON,P-FW1-TUE,P-FW1-WED,P-FW1-THU,P-FW1-FRI,P-FW1-SAT,P-FW1-SUN,P-FW2-MON,P-FW2-TUE,P-FW2-WED,P-FW2-THU,P-FW2-FRI,P-FW2-SAT,P-FW2-SUN,P-FW3-MON,P-FW3-TUE,P-FW3-WED,P-FW3-THU,P-FW3-FRI,P-FW3-SAT,P-FW3-SUN,Euclidean Barycenter,Median Barycenter,Modal Barycenter,DTW Barycenter,SDTW Barycenter-G1.0
00:00:00,3071.832,2877.704,3014.638,2947.298,2973.446,3029.978,3082.161,2951.033,2840.51,2658.008,2889.853,2722.92,2965.012,2889.863,2945.472,2780.089,2986.427,2734.038,2972.369,2953.527,2817.458,2906.976,2834.559,2937.742,2946.704,2889.45,2871.87,2135.992,2107.692,2094.827,2157.867,2206.855,2268.783,2791.024,2865.057,2854.46,2911.338,2951.861,2963.628,3000.651,2964.46,2938.459,3029.604,2986.669,3109.663,3066.046,3001.912,3083.896,2999.082,2836.3421020408164,2938.459,3071.832,2849.9070343228195,2839.199629572085
00:15:00,2978.16,2837.915,2927.678,2902.763,2887.63,3002.107,3002.023,2902.292,2765.533,2634.021,2826.231,2713.214,2972.911,2831.269,2861.467,2731.487,2864.429,2704.312,2974.052,2907.961,2772.178,2888.302,2783.538,2893.417,2881.016,2828.365,2871.052,2109.343,2075.762,2096.814,2064.249,2112.81,2224.854,2765.873,2796.558,2790.388,2792.807,2894.348,2912.207,2964.41,2905.879,2900.575,2932.351,2948.981,3051.881,3013.143,2927.982,3008.712,2942.221,2783.2136938775516,2881.016,2978.16,2665.6564190816325,2641.6453589525936
00:30:00,2933.031,2818.541,2821.222,2784.637,2817.67,2967.794,2980.23,2857.068,2684.652,2582.411,2819.613,2673.573,2885.05,2741.191,2807.175,2680.746,2842.794,2619.314,2871.585,2852.779,2743.66,2839.926,2758.673,2842.143,2753.968,2749.29,2830.066,2046.676,2043.2,1985.747,2033.866,2091.556,2201.484,2738.946,2777.962,2759.67,2754.974,2879.517,2891.825,2920.852,2898.427,2838.816,2875.747,2871.312,3007.032,2952.263,2889.92,2962.283,2950.568,2733.2947959183675,2819.613,2933.031,2553.388616921769,2526.2784514640057
00:45:00,2878.928,2734.48,2781.378,2808.9,2796.38,2906.573,2915.397,2797.825,2629.461,2531.903,2734.671,2650.744,2818.93,2737.191,2778.808,2625.071,2788.536,2602.941,2864.257,2818.615,2688.913,2819.625,2694.599,2787.89,2754.238,2759.222,2803.24,2045.269,1985.963,1948.77,1990.081,2056.3,2111.892,2683.143,2734.743,2750.89,2737.214,2783.716,2836.095,2846.574,2857.335,2793.413,2813.213,2836.349,2948.983,2865.556,2780.83,2900.605,2899.392,2688.062081632653,2781.378,2878.928,2477.924649778793,2452.792212320329
01:00:00,2881.163,2739.832,2710.183,2751.774,2775.842,2857.319,2874.862,2741.989,2614.501,2518.444,2710.816,2587.968,2769.048,2708.741,2733.635,2572.112,2749.343,2579.849,2807.604,2764.06,2662.474,2773.748,2731.657,2707.391,2734.984,2676.373,2089.566,1999.159,1966.287,1947.957,1943.961,2012.08,2109.108,2644.569,2727.512,2669.354,2692.779,2759.737,2847.284,2785.212,2789.281,2746.059,2808.662,2733.304,2929.066,2835.484,2720.138,2835.871,2859.473,2636.4819387755106,2733.304,2881.163,2425.7565716578765,2398.931923160944
01:15:00,2822.474,2697.18,2702.99,2720.948,2715.308,2803.667,2822.138,2715.699,2553.239,2450.556,2645.12,2589.223,2718.885,2715.091,2751.574,2554.597,2663.214,2520.714,2766.959,2782.08,2630.625,2714.909,2673.037,2711.63,2670.682,2690.353,1943.733,1970.389,1952.162,1888.497,1912.977,1979.622,2039.422,2601.137,2656.98,2653.601,2655.751,2754.753,2772.63,2733.211,2743.406,2744.491,2741.673,2723.665,2831.27,2791.589,2693.203,2794.306,2789.577,2595.325244897959,2702.99,2822.474,2406.516430926216,2406.9045015910933
01:30:00,2808.764,2708.332,2632.858,2687.773,2692.112,2830.133,2813.431,2647.099,2531.918,2427.04,2588.152,2569.223,2650.411,2711.502,2685.623,2506.229,2659.453,2521.857,2700.929,2694.056,2586.702,2667.18,2653.582,2645.472,2669.532,2592.028,1931.279,1947.837,1899.429,1879.481,1899.382,1965.143,2063.657,2608.635,2675.82,2663.601,2606.244,2688.733,2816.053,2713.9,2712.718,2675.933,2719.569,2705.885,2823.585,2752.498,2664.684,2785.911,2770.706,2568.409673469388,2664.684,2808.764,2406.638738618524,2405.7319599651805
01:45:00,2750.186,2651.206,2606.823,2631.081,2596.159,2782.094,2741.184,2655.711,2474.796,2385.948,2583.618,2556.903,2583.229,2625.723,2705.851,2486.056,2653.419,2461.354,2712.244,2622.977,2556.267,2637.183,2603.466,2597.782,2611.48,2569.865,1920.736,1939.401,1899.159,1853.609,1899.148,1949.907,2011.487,2573.488,2667.817,2597.419,2620.726,2682.567,2760.625,2665.519,2732.918,2614.098,2656.052,2648.007,2794.27,2706.253,2638.2,2685.471,2704.477,2531.9175306122443,2620.726,2750.186,2406.8806424646777,2406.038657892886
02:00:00,2722.716,2640.961,2600.246,2596.491,2644.549,2768.639,2690.642,2632.214,2474.558,2359.361,2544.553,2534.152,2619.397,2595.004,2650.358,2450.052,2620.427,2478.847,2643.831,2618.307,2589.204,2613.392,2613.618,2606.684,2595.241,2526.556,1890.476,1900.359,1836.406,1854.259,1855.916,1942.201,1992.707,2528.732,2661.832,2594.518,2569.105,2642.516,2760.94,2663.367,2657.161,2620.503,2601.933,2641.56,2744.243,2654.142,2597.982,2659.849,2663.564,2509.4749183673466,2606.684,2722.716,2406.8806424646777,2408.7597803373596
02:15:00,2692.928,2599.661,2539.589,2563.827,2591.932,2751.762,2639.251,2568.089,2467.585,2340.419,2515.422,2533.377,2548.986,2545.858,2630.601,2402.022,2608.32,2448.672,2637.679,2544.276,2502.135,2541.937,2556.337,2604.212,2573.588,2523.104,1836.164,1836.211,1835.634,1791.224,1821.433,1891.75,1969.247,2494.367,2603.74,2550.178,2541.046,2595.458,2692.662,2627.343,2632.814,2532.509,2608.375,2639.117,2713.595,2591.001,2591.175,2645.64,2637.843,2472.450918367347,2556.337,2692.928,2406.8806424646777,2406.083671664035
02:30:00,2679.201,2602.68,2535.219,2541.956,2573.768,2693.99,2649.577,2518.793,2443.971,2330.343,2490.234,2501.344,2506.425,2505.575,2604.875,2417.165,2582.536,2448.551,2556.32,2563.919,2527.432,2540.327,2540.84,2568.196,2519.953,2480.093,1854.922,1852.391,1819.713,1807.649,1814.189,1904.14,1944.132,2465.73,2593.803,2503.849,2573.741,2604.544,2720.12,2617.653,2620.842,2548.428,2573.947,2622.383,2665.534,2560.76,2532.257,2618.119,2592.173,2455.802081632653,2540.84,2679.201,2406.8806424646777,2406.269960727228
02:45:00,2651.943,2565.744,2523.4,2571.585,2544.504,2676.211,2611.792,2533.835,2427.589,2327.987,2423.046,2502.429,2517.949,2449.456,2597.639,2389.768,2546.972,2461.821,2598.707,2499.597,2497.078,2493.222,2553.072,2565.251,2507.546,2464.047,1819.491,1870.782,1816.482,1789.13,1839.709,1850.479,1916.47,2457.432,2583.541,2475.556,2508.198,2555.883,2630.183,2553.381,2572.458,2496.059,2534.665,2538.396,2673.257,2539.883,2549.962,2589.221,2570.062,2433.323877551021,2523.4,2651.943,2406.8806424646777,2405.75033715173
03:00:00,2622.768,2574.071,2501.18,2512.153,2538.038,2643.832,2585.349,2505.921,2427.918,2295.966,2436.194,2452.367,2457.822,2413.246,2547.531,2370.558,2503.418,2390.641,2545.602,2496.903,2437.778,2457.218,2478.925,2538.969,2485.861,2481.809,1803.148,1826.439,1773.891,1771.98,1783.238,1824.328,1950.219,2454.964,2548.324,2442.423,2480.911,2542.446,2634.527,2582.447,2550.73,2460.517,2515.115,2543.38,2631.08,2525.733,2487.381,2566.01,2527.443,2406.708408163265,2487.381,2622.768,2406.8806424646777,2406.3696700537143
03:15:00,2617.561,2531.127,2521.043,2495.734,2533.32,2632.079,2554.952,2456.45,2415.893,2267.97,2419.11,2475.196,2414.431,2419.28,2546.615,2363.537,2511.36,2398.875,2519.373,2470.062,2471.701,2444.599,2495.706,2564.538,2490.615,2449.192,1772.838,1816.752,1799.092,1743.001,1788.417,1844.769,1889.393,2424.264,2592.903,2470.963,2488.546,2524.779,2611.851,2542.077,2529.33,2419.504,2456.448,2561.62,2607.288,2489.792,2495.513,2550.809,2456.063,2395.0271632653057,2475.196,2617.561,2406.3443347723696,2405.1850321038237
03:30:00,2551.007,2539.403,2469.56,2528.129,2485.248,2598.782,2541.342,2444.538,2373.437,2262.377,2349.739,2419.933,2374.954,2350.605,2564.407,2347.642,2448.088,2384.385,2486.824,2474.375,2391.518,2410.989,2434.286,2510.046,2478.478,2423.362,1789.157,1794.969,1754.511,1722.411,1757.776,1804.867,1927.462,2441.094,2530.148,2421.411,2441.406,2524.923,2594.51,2518.14,2532.502,2424.427,2446.971,2560.2,2575.757,2488.881,2484.508,2514.92,2461.256,2370.5236938775506,2446.971,2551.007,2411.372108612937,2412.4492668485514
03:45:00,2530.387,2483.699,2484.679,2455.839,2480.013,2584.013,2540.214,2446.163,2350.885,2236.37,2361.301,2424.478,2381.204,2327.666,2506.512,2333.599,2487.103,2372.563,2453.378,2485.919,2398.625,2409.672,2427.056,2511.375,2492.287,2387.359,1743.885,1826.219,1733.276,1734.148,1780.157,1789.783,1898.722,2417.168,2547.892,2453.423,2431.521,2507.502,2574.529,2513.105,2472.957,2376.115,2423.564,2571.012,2589.024,2496.333,2495.227,2518.888,2416.278,2360.4711632653057,2446.163,2530.387,2398.7883805846673,2406.5153870753984
04:00:00,2551.585,2517.506,2474.463,2458.312,2475.206,2584.575,2479.438,2427.06,2368.611,2255.07,2347.502,2365.64,2357.591,2353.587,2507.301,2352.541,2458.088,2372.196,2450.645,2444.471,2345.597,2409.38,2436.416,2520.647,2446.994,2442.415,1752.943,1799.731,1769.98,1713.389,1718.527,1833.266,1939.802,2423.949,2519.592,2458.531,2417.303,2492.22,2575.217,2498.4,2475.52,2370.941,2440.524,2576.081,2599.355,2460.406,2469.618,2492.752,2418.932,2355.506448979592,2442.415,2551.585,2347.527574552271,2351.855355381231
04:15:00,2522.79,2507.251,2484.997,2461.434,2490.971,2583.239,2497.368,2433.048,2353.921,2209.239,2339.276,2390.704,2356.349,2309.648,2504.819,2325.673,2492.319,2378.918,2458.474,2468.833,2381.905,2365.94,2453.481,2486.021,2502.236,2362.66,1752.968,1814.03,1741.452,1738.908,1729.239,1786.08,1878.918,2408.521,2532.676,2403.778,2398.125,2503.855,2565.993,2530.533,2441.936,2378.578,2445.493,2652.828,2589.401,2441.07,2484.703,2482.769,2406.354,2351.6269795918374,2441.07,2522.79,1997.8455969078536,1993.4293108163408
04:30:00,2554.797,2522.733,2511.901,2497.68,2511.554,2572.277,2459.662,2425.653,2372.276,2232.757,2368.369,2454.981,2340.39,2306.301,2514.648,2338.371,2514.523,2392.223,2496.078,2455.732,2317.51,2427.518,2432.575,2478.355,2479.088,2409.888,1758.502,1832.654,1748.219,1728.491,1759.234,1816.278,1920.4,2374.547,2518.306,2404.083,2407.502,2485.738,2555.241,2499.304,2467.52,2334.579,2484.79,2609.478,2585.922,2453.719,2525.355,2412.135,2378.466,2356.08781632653,2432.575,2554.797,2326.307493636165,2323.9454691567166
04:45:00,2656.572,2597.109,2541.981,2516.718,2527.352,2591.803,2517.442,2518.661,2375.128,2273.544,2421.858,2463.881,2368.54,2337.286,2574.72,2417.2,2539.461,2386.999,2522.316,2482.997,2384.659,2467.677,2469.213,2564.912,2541.201,2479.557,1805.332,1861.247,1812.624,1790.799,1814.013,1862.077,1968.759,2441.234,2565.719,2481.707,2439.641,2565.728,2642.123,2541.761,2484.99,2372.621,2588.516,2677.009,2628.552,2512.019,2536.986,2509.858,2430.712,2405.567632653062,2482.997,2656.572,2466.9707196021263,2431.179837560667
05:00:00,2657.062,2589.127,2530.996,2541.944,2509.339,2597.812,2531.643,2515.82,2409.744,2281.463,2506.08,2519.276,2413.556,2344.625,2564.088,2447.239,2577.419,2423.358,2563.774,2476.998,2403.547,2481.585,2508.813,2566.74,2526.243,2458.994,1797.842,1843.256,1867.098,1796.153,1850.48,1891.387,1987.02,2439.591,2562.579,2447.454,2439.85,2512.19,2635.095,2564.157,2483.24,2395.87,2525.481,2658.556,2679.301,2504.146,2568.502,2469.633,2410.627,2413.812102040816,2504.146,2657.062,2419.1871122448983,2472.2073528271785
05:15:00,2743.679,2642.867,2600.048,2598.541,2613.118,2634.862,2512.359,2556.37,2462.172,2387.526,2468.395,2531.489,2357.297,2348.77,2629.996,2443.859,2566.749,2473.272,2599.329,2500.698,2335.046,2512.61,2538.388,2583.069,2602.847,2525.084,1800.884,1730.124,1863.313,1813.741,1836.229,1884.146,1955.913,2452.777,2586.991,2403.976,2408.117,2532.802,2628.625,2564.407,2459.292,2376.637,2560.375,2675.681,2723.587,2548.181,2578.276,2484.014,2422.234,2429.7706530612236,2512.61,2743.679,2477.685426681783,2496.2833389294474
05:30:00,2783.719,2734.813,2680.821,2608.73,2644.937,2608.953,2514.948,2602.16,2489.474,2380.391,2545.824,2615.325,2406.516,2352.717,2671.329,2516.066,2604.082,2545.308,2635.841,2535.669,2365.96,2603.969,2598.628,2671.81,2639.291,2574.281,1814.032,1780.681,1900.727,1849.233,1857.657,1898.03,2029.407,2467.824,2555.064,2396.312,2412.01,2553.605,2676.827,2643.632,2456.831,2388.026,2625.369,2722.562,2722.282,2599.939,2645.111,2496.899,2404.01,2465.8700408163268,2553.605,2783.719,2480.52196232339,2455.637151381444
05:45:00,2808.969,2799.111,2758.111,2744.088,2670.021,2681.676,2503.865,2622.197,2562.368,2504.645,2574.489,2604.284,2399.686,2339.692,2713.637,2597.893,2660.859,2607.637,2711.13,2536.79,2368.633,2604.084,2664.029,2724.474,2735.23,2691.855,1849.449,1783.094,1897.286,1897.613,1908.644,1970.743,2041.809,2487.103,2585.899,2409.183,2429.443,2583.847,2702.58,2698.697,2481.958,2417.299,2712.372,2793.7,2772.277,2632.496,2699.176,2490.946,2409.855,2507.039224489796,2597.893,2808.969,2523.050384797397,2516.038956825261
06:00:00,2875.862,2856.438,2768.063,2846.754,2709.304,2650.389,2545.279,2712.461,2675.503,2583.61,2663.484,2720.673,2439.72,2343.08,2795.564,2686.138,2807.104,2681.74,2786.902,2558.032,2397.031,2719.105,2730.271,2811.962,2769.621,2682.774,1856.3,1839.582,2070.36,1935.74,1988.618,1992.564,2141.003,2489.19,2558.885,2447.342,2490.844,2617.328,2828.684,2759.879,2444.094,2467.843,2795.3,2819.228,2850.198,2699.727,2755.737,2502.645,2459.672,2563.82912244898,2675.503,2875.862,2567.159812401883,2557.733115783293
06:15:00,2958.544,2954.018,2806.387,2868.546,2797.605,2581.321,2440.585,2760.048,2699.771,2548.601,2668.311,2771.847,2431.53,2369.138,2828.996,2706.692,2833.428,2778.767,2764.926,2515.206,2374.622,2771.321,2772.87,2785.523,2789.198,2743.834,1844.107,1733.365,2059.901,2008.576,1935.904,1981.916,2137.598,2452.58,2526.638,2441.389,2429.476,2624.583,2807.082,2757.302,2460.051,2387.397,2797.423,2899.721,2971.678,2883.653,2784.643,2460.089,2433.572,2574.2914081632653,2699.771,2958.544,2564.464658555729,2551.234761441294
06:30:00,2983.107,2840.156,2819.328,2827.926,2776.61,2540.517,2342.371,2806.494,2739.865,2610.391,2667.751,2725.684,2293.299,2216.338,2739.064,2698.033,2820.504,2717.612,2776.546,2453.689,2288.233,2804.594,2757.506,2754.917,2811.873,2747.379,1763.103,1706.46,2069.422,2024.443,1975.972,2031.642,2046.844,2405.193,2480.937,2267.363,2352.461,2654.902,2829.832,2832.409,2333.69,2295.103,2823.584,2892.845,2933.13,2858.022,2749.157,2369.182,2275.486,2541.4483469387765,2698.033,2983.107,2565.1356970172674,2579.1435594250693
06:45:00,2995.138,2849.952,2807.459,2806.816,2855.953,2450.095,2310.16,2756.585,2717.388,2598.337,2704.657,2842.151,2231.9,2149.843,2704.646,2702.709,2825.986,2733.079,2751.417,2469.712,2254.307,2684.078,2717.125,2732.58,2761.895,2723.192,1756.539,1704.698,1994.15,1958.017,2034.236,2061.468,2111.423,2352.413,2426.917,2189.509,2236.493,2630.263,2810.888,2782.002,2288.89,2201.834,2751.471,2989.423,2929.037,2789.943,2768.9,2298.786,2204.824,2518.55681632653,2702.709,2995.138,2565.1356970172674,2589.174695372574
07:00:00,2959.72,2871.812,2838.656,2828.702,2793.763,2472.727,2278.736,2756.379,2645.993,2633.849,2666.686,2849.697,2240.017,2134.219,2743.234,2682.869,2812.014,2753.751,2775.812,2434.522,2235.828,2678.028,2658.258,2635.865,2840.772,2735.074,1728.361,1740.436,1928.069,1962.117,1969.467,2003.474,2203.147,2316.938,2372.331,2154.269,2161.819,2704.34,2808.231,2802.24,2325.804,2191.147,2729.625,2946.659,2908.921,2732.539,2760.799,2310.261,2196.831,2508.465469387755,2658.258,2959.72,2565.1083893249597,2589.6000846160427
07:15:00,2964.072,2861.848,2907.424,2872.375,2780.396,2504.831,2322.968,2735.56,2685.518,2696.222,2783.998,2848.984,2316.169,2199.449,2783.938,2734.075,2826.361,2769.768,2831.751,2465.939,2242.464,2722.56,2699.604,2684.771,2841.095,2780.919,1745.223,1705.377,1993.594,2026.563,2047.486,2024.342,2150.603,2337.806,2336.471,2206.907,2195.268,2692.639,2832.148,2864.378,2328.609,2155.621,2812.577,2927.24,2874.175,2709.92,2860.321,2403.506,2187.129,2536.3461632653057,2696.222,2964.072,2564.0890431711136,2588.7351518994283
07:30:00,2971.983,2894.882,2901.094,2890.043,2900.349,2546.599,2353.627,2794.918,2708.818,2714.061,2748.18,2940.568,2387.572,2231.663,2832.663,2754.956,2802.885,2700.263,2832.298,2445.034,2292.86,2809.649,2768.724,2747.875,2909.494,2792.686,1791.706,1752.868,1972.131,1966.676,2054.625,2038.219,2215.882,2359.932,2353.297,2203.933,2234.537,2742.526,2803.639,2857.44,2436.451,2234.37,2851.893,2943.341,2971.953,2772.834,2825.959,2406.344,2261.039,2565.8232448979593,2742.526,2971.983,2589.1096197636953,2589.4386647276638
07:45:00,2912.538,2923.925,2925.379,2901.17,2939.707,2648.141,2413.179,2839.01,2723.703,2624.441,2743.996,2913.594,2440.522,2262.711,2901.835,2753.115,2843.19,2741.483,2868.731,2549.37,2318.798,2792.801,2810.971,2808.28,2871.541,2808.808,1887.76,1768.748,2017.498,1963.842,2021.224,2044.037,2207.746,2412.667,2384.563,2260.993,2314.127,2786.177,2865.707,2842.967,2546.72,2340.707,2894.146,3012.482,2940.548,2820.426,2830.481,2475.524,2372.383,2597.8043265306123,2743.996,2912.538,2611.4808959518246,2643.653588963528
08:00:00,2991.308,2937.249,2996.412,2833.703,2981.66,2733.459,2471.207,2867.014,2728.847,2696.337,2798.764,2889.493,2583.811,2316.873,2937.23,2793.99,2892.198,2775.844,2814.314,2587.433,2343.714,2776.264,2853.439,2761.218,2876.759,2846.142,1883.953,1827.331,2011.261,1929.007,2004.777,1977.476,2088.816,2549.689,2478.408,2307.241,2407.011,2865.508,2978.328,2829.259,2627.426,2329.732,2940.783,3003.138,2947.526,2747.146,2797.756,2539.007,2413.176,2623.8456530612243,2761.218,2991.308,2660.0181770901913,2689.8568448445617
08:15:00,3079.748,2995.06,2966.028,2914.053,3072.819,2835.853,2496.678,2880.967,2824.605,2699.578,2824.91,2925.766,2689.409,2342.538,2873.197,2903.461,2930.689,2847.764,2968.819,2632.892,2461.72,2862.021,2856.597,2881.939,2875.961,2962.028,1991.716,1850.611,2014.354,1965.496,2007.897,2056.042,2163.353,2611.172,2541.137,2324.635,2463.486,3000.728,3030.42,2942.766,2739.749,2419.952,2956.642,3093.543,2970.069,2876.517,2962.812,2697.204,2452.911,2688.536979591838,2847.764,3079.748,2705.370146758704,2711.335219870837
08:30:00,3183.425,3086.865,3115.605,3101.014,3100.078,2842.446,2608.572,2961.766,2950.625,2856.351,2934.98,2967.199,2831.66,2476.365,2971.042,2926.03,3021.09,2886.602,3011.86,2699.246,2554.901,2945.511,2939.875,2991.196,2961.347,3051.919,2032.924,1907.718,2056.686,2029.046,2094.361,2069.23,2181.172,2701.209,2547.469,2406.885,2496.122,3056.523,3183.342,3105.822,2923.612,2469.694,3097.264,3200.822,3030.036,3017.558,3056.855,2823.031,2542.867,2775.66975510204,2934.98,3183.425,2722.821949108757,2713.371684198132
08:45:00,3210.632,3161.387,3167.391,3152.22,3176.45,3030.028,2688.377,3053.119,2948.1,2940.506,3009.587,3018.02,2844.951,2526.547,2996.163,2977.332,3099.269,2929.093,3129.406,2843.35,2584.501,3073.199,2993.899,3054.228,3088.668,3105.591,2040.477,1944.772,2148.16,2106.905,2086.971,2106.2,2193.79,2714.115,2612.474,2380.304,2546.155,3092.994,3224.048,3179.527,2947.667,2541.825,3199.408,3225.918,3167.567,3078.802,3126.693,2856.196,2624.108,2835.6548979591844,2993.899,3210.632,2773.9371027696784,2746.701719305605
09:00:00,3234.496,3231.811,3216.023,3123.821,3275.087,3102.172,2711.017,3126.393,3033.102,2992.112,3115.801,3132.921,2881.289,2530.638,2997.776,3054.519,3187.18,2982.146,3150.325,2885.703,2587.492,3101.977,3143.887,3036.084,3106.602,3154.746,2109.668,2012.677,2151.663,2126.831,2138.57,2194.513,2219.419,2812.721,2728.521,2446.552,2562.199,3170.128,3240.45,3208.452,2973.052,2583.109,3200.061,3311.632,3222.263,3110.849,3162.351,2944.421,2665.444,2885.523795918367,3036.084,3234.496,2795.9749028722595,2790.8762815319637
09:15:00,3276.176,3269.728,3266.008,3169.17,3265.434,3190.93,2705.662,3193.397,3128.001,3009.87,3211.284,3203.102,3009.61,2550.83,3041.752,3113.804,3241.514,3097.013,3170.913,2968.526,2587.298,3172.893,3245.02,3147.621,3201.694,3180.91,2130.257,2081.39,2190.087,2174.227,2162.838,2226.834,2225.786,2789.912,2779.93,2533.449,2540.509,3186.277,3305.948,3272.944,3011.117,2675.355,3205.773,3327.911,3290.253,3190.499,3275.638,3012.879,2694.472,2936.784591836735,3128.001,3276.176,2790.9182452904233,2796.2949454559903
09:30:00,3347.807,3277.652,3278.337,3179.148,3289.091,3189.553,2782.543,3244.072,3139.655,3132.776,3182.789,3200.944,3109.306,2572.82,3117.51,3189.991,3317.345,3021.808,3275.385,3137.343,2680.467,3233.65,3295.759,3186.482,3230.024,3226.645,2149.524,2087.74,2204.312,2185.194,2207.437,2253.652,2246.754,2859.608,2689.912,2601.629,2569.449,3230.734,3374.872,3255.268,3015.159,2624.842,3280.061,3380.148,3350.79,3278.203,3320.473,3108.622,2717.063,2976.1295510204095,3179.148,3347.807,2790.9182452904233,2859.276061505347
09:45:00,3383.519,3285.793,3317.441,3214.603,3325.581,3254.609,2822.92,3286.781,3190.954,3182.679,3178.223,3289.038,3084.865,2635.958,3225.259,3210.697,3373.91,2996.272,3309.074,3119.459,2687.039,3264.473,3286.432,3248.45,3207.97,3218.667,2171.303,2105.599,2217.244,2187.328,2250.247,2295.006,2279.998,2895.41,2683.998,2578.878,2656.564,3277.523,3413.352,3371.761,3028.657,2708.843,3340.054,3421.798,3357.156,3255.686,3336.651,3116.759,2681.129,3004.7267346938775,3207.97,3383.519,2790.9182452904233,2775.2268799737735
10:00:00,3397.546,3368.367,3342.73,3319.793,3351.11,3251.263,2838.432,3326.38,3232.612,3181.063,3253.666,3327.954,3168.149,2694.832,3292.317,3264.29,3433.593,3108.418,3350.216,3125.567,2699.773,3286.466,3286.352,3264.781,3210.603,3238.365,2182.656,2113.253,2231.527,2246.378,2290.611,2317.688,2328.288,2926.283,2741.897,2584.338,2704.489,3329.548,3459.254,3428.688,3100.919,2750.06,3298.942,3417.649,3411.969,3297.421,3354.36,3157.21,2722.203,3041.025897959183,3238.365,3397.546,2790.9182452904233,2798.7802789904554
10:15:00,3414.469,3430.264,3361.249,3335.592,3409.257,3319.574,2957.337,3361.783,3259.4,3243.878,3253.478,3341.14,3159.548,2769.238,3345.968,3282.789,3454.331,3149.539,3389.274,3096.49,2808.122,3331.943,3335.668,3308.171,3264.612,3334.072,2227.893,2118.897,2285.385,2296.817,2305.436,2323.189,2302.155,3003.229,2734.389,2696.281,2735.077,3365.627,3527.912,3452.96,3164.567,2820.689,3377.828,3401.703,3416.306,3368.746,3394.176,3208.523,2801.033,3082.5715102040813,3264.612,3414.469,2789.8197452904233,2797.5655750965834
10:30:00,3430.462,3381.201,3352.277,3392.92,3460.671,3365.029,2939.761,3366.198,3327.607,3327.677,3327.661,3406.191,3263.361,2759.648,3386.151,3281.442,3484.121,3164.855,3404.906,3179.115,2837.039,3387.087,3355.851,3372.162,3362.787,3438.896,2210.739,2190.533,2353.721,2302.628,2362.27,2320.561,2331.793,3054.74,2758.112,2729.822,2806.29,3346.313,3535.038,3499.791,3233.184,2841.601,3469.878,3377.014,3490.661,3442.457,3401.204,3251.888,2857.503,3120.87381632653,3327.677,3430.462,2794.203259530227,2797.5247649001412
10:45:00,3452.307,3457.833,3375.488,3435.569,3509.276,3409.571,2927.2,3384.58,3314.133,3315.527,3309.406,3386.917,3307.037,2757.468,3407.607,3327.791,3491.181,3131.217,3347.974,3202.52,2854.521,3391.314,3431.991,3392.32,3398.35,3430.842,2242.352,2224.526,2355.371,2319.821,2367.757,2354.936,2358.96,3043.249,2830.459,2780.558,2760.427,3364.956,3601.908,3518.526,3283.308,2865.853,3495.972,3385.989,3512.726,3472.922,3419.898,3289.867,2887.327,3140.563428571428,3327.791,3452.307,2784.7305043237634,2791.7373560950027
11:00:00,3567.369,3457.708,3495.41,3415.677,3540.679,3417.58,2982.523,3355.35,3378.272,3369.355,3349.369,3458.858,3317.358,2747.76,3437.997,3411.19,3507.128,3183.175,3408.609,3274.823,2855.797,3436.438,3468.915,3425.278,3430.543,3476.452,2293.081,2127.78,2346.897,2309.754,2360.09,2343.112,2361.375,3145.702,2752.071,2778.889,2830.2,3465.324,3704.474,3636.287,3208.259,2832.147,3540.539,3466.207,3571.486,3455.9,3483.292,3369.938,2864.021,3171.7640408163256,3378.272,3567.369,2867.959386713869,2802.352763157337
11:15:00,3545.566,3422.94,3437.324,3444.433,3567.444,3461.277,3066.327,3347.706,3322.031,3402.162,3399.878,3450.009,3359.916,2846.113,3441.075,3410.578,3477.94,3257.899,3398.339,3261.992,3008.986,3489.757,3501.352,3443.204,3401.719,3481.719,2256.249,2243.553,2320.982,2287.75,2398.787,2337.354,2362.456,3209.316,2884.498,2827.818,2813.039,3477.821,3694.094,3654.077,3248.44,2908.959,3570.912,3427.794,3490.436,3535.238,3527.615,3393.097,2992.3,3194.087163265306,3399.878,3545.566,2815.9333372535457,2802.182110955277
11:30:00,3565.456,3456.094,3403.418,3511.697,3611.13,3507.881,3126.703,3319.737,3368.259,3512.258,3462.339,3453.028,3421.859,2923.552,3433.232,3477.963,3509.857,3317.082,3470.218,3261.977,2970.875,3520.128,3527.665,3480.373,3392.321,3509.069,2217.621,2302.078,2376.578,2275.398,2428.321,2363.059,2291.854,3165.828,2925.192,2822.544,2810.554,3496.438,3659.107,3705.829,3255.418,2987.017,3541.575,3474.163,3537.667,3512.68,3560.484,3397.042,3029.834,3217.3561632653054,3421.859,3565.456,2811.437459576138,2803.1549909046485
11:45:00,3543.102,3485.268,3329.52,3539.196,3599.967,3530.007,3115.86,3430.269,3337.351,3492.702,3448.892,3460.906,3390.22,2985.339,3466.27,3497.677,3458.396,3341.855,3463.403,3238.426,2984.208,3500.668,3537.03,3456.014,3491.234,3474.382,2245.101,2291.979,2447.962,2297.678,2421.898,2362.658,2232.967,3130.825,2877.069,2848.058,2876.833,3588.931,3766.672,3733.93,3288.929,2987.069,3548.048,3481.608,3522.771,3490.459,3591.637,3390.652,3041.723,3225.788142857143,3448.892,3543.102,2809.8529226030023,2803.11851844411
12:00:00,3547.702,3534.508,3316.962,3514.375,3623.672,3505.946,3117.825,3483.458,3387.917,3483.875,3437.877,3503.325,3399.354,2967.922,3484.95,3490.47,3470.319,3384.776,3486.605,3117.421,3004.502,3527.869,3528.959,3408.486,3480.087,3478.254,2238.517,2301.542,2472.297,2294.447,2460.099,2369.546,2071.348,3162.869,2859.758,2848.581,2933.564,3665.873,3729.96,3723.329,3273.137,2971.55,3629.931,3485.604,3608.601,3500.974,3597.121,3427.072,3073.084,3232.371836734695,3437.877,3547.702,2811.428517268446,2799.0461479925175
12:15:00,3575.754,3532.81,3361.253,3542.902,3697.772,3496.95,3151.264,3524.002,3448.011,3502.663,3470.099,3502.842,3450.442,2939.844,3474.125,3516.461,3533.835,3410.561,3413.986,3169.027,3048.524,3470.684,3596.14,3457.875,3492.512,3511.707,2263.551,2335.332,2458.847,2328.409,2472.595,2421.368,2052.08,3181.083,2905.274,2902.8,2917.369,3723.123,3723.83,3664.544,3281.211,3027.977,3644.308,3479.683,3623.497,3546.053,3557.967,3411.772,3121.049,3251.7503469387752,3457.875,3575.754,2778.941606729178,2830.065510038135
12:30:00,3587.615,3561.887,3416.137,3531.138,3694.943,3536.209,3176.109,3522.494,3431.423,3528.744,3417.38,3549.203,3460.259,2968.657,3505.773,3589.682,3528.12,3472.41,3369.425,3233.422,3079.368,3492.382,3593.704,3486.078,3431.166,3550.658,2248.794,2356.598,2461.159,2354.721,2459.163,2475.867,1978.091,3137.471,2894.87,2923.341,2963.007,3720.497,3796.948,3732.365,3280.254,3023.151,3627.289,3491.627,3663.088,3520.149,3547.697,3415.771,3102.323,3263.033204081633,3460.259,3587.615,2812.731790527531,2829.8018010431992
12:45:00,3502.578,3553.818,3478.467,3529.652,3651.882,3561.393,3184.531,3585.506,3457.083,3537.818,3453.022,3556.706,3484.301,3028.218,3558.214,3647.639,3566.331,3424.355,3390.042,3232.28,3108.744,3542.921,3587.29,3534.24,3428.921,3569.891,2272.107,2332.79,2474.788,2394.803,2535.875,2424.093,1952.137,3185.638,2955.646,2911.092,2938.721,3735.085,3741.395,3723.07,3292.44,3020.92,3645.011,3502.272,3647.312,3530.731,3522.916,3464.752,3097.908,3274.6396938775515,3478.467,3502.578,2867.5424332810035,2863.7841735224815
13:00:00,3602.843,3558.901,3495.385,3561.532,3594.063,3554.072,3244.204,3577.102,3500.422,3550.037,3413.02,3557.773,3511.351,3074.289,3554.927,3687.288,3580.798,3463.172,3465.173,3292.489,3137.746,3573.308,3592.476,3532.473,3444.382,3489.081,2296.839,2332.131,2462.088,2407.581,2535.608,2407.148,1904.686,3155.522,2985.443,2917.73,2904.922,3814.752,3727.504,3695.819,3357.054,3070.379,3673.441,3537.694,3676.578,3550.757,3553.387,3507.193,3115.613,3289.7586938775507,3500.422,3602.843,2969.9285056196386,2964.996139633349
13:15:00,3600.387,3536.798,3482.169,3567.633,3594.96,3534.148,3223.253,3598.214,3465.956,3582.191,3384.917,3554.879,3466.625,3111.618,3543.283,3687.833,3543.41,3510.441,3459.942,3291.021,3093.794,3568.329,3589.582,3553.239,3494.989,3484.641,2265.841,2331.927,2420.246,2420.908,2560.697,2429.665,1877.632,3154.822,3004.821,2893.361,2962.949,3830.889,3737.479,3717.146,3321.926,3106.007,3676.615,3567.162,3671.328,3570.239,3508.102,3491.229,3135.608,3289.4051224489795,3491.229,3600.387,3125.768137158759,3129.81047181603
13:30:00,3616.279,3556.95,3493.166,3532.281,3549.121,3548.887,3192.993,3624.756,3508.119,3597.476,3339.481,3542.74,3456.691,3087.594,3606.75,3715.811,3479.268,3528.145,3489.638,3268.646,3098.03,3577.441,3558.918,3576.48,3522.385,3462.979,2276.471,2373.119,2408.125,2417.48,2537.996,2446.643,1883.188,3109.009,3015.79,2851.22,2966.418,3836.443,3762.714,3705.6,3322.824,3111.8,3634.476,3498.431,3656.497,3537.73,3509.143,3516.224,3187.355,3287.6677755102046,3498.431,3616.279,3309.877971178676,3315.6014755121623
13:45:00,3690.964,3619.048,3524.872,3561.742,3556.736,3567.22,3208.098,3608.125,3519.416,3639.296,3342.417,3578.492,3527.953,3124.459,3622.484,3693.05,3406.889,3571.71,3485.937,3288.42,3105.737,3632.776,3489.338,3562.758,3510.367,3533.362,2345.316,2382.918,2433.274,2412.774,2532.878,2481.77,1869.328,3028.224,2971.561,2829.454,2934.788,3837.649,3782.053,3730.655,3340.147,3083.74,3683.816,3500.34,3705.772,3529.987,3520.434,3532.873,3182.345,3298.444122448979,3519.416,3690.964,3544.630162594752,3548.2505951512258
14:00:00,3677.049,3575.201,3497.199,3555.526,3608.458,3524.057,3254.734,3621.656,3527.542,3651.355,3278.314,3628.373,3509.341,3101.108,3611.607,3685.46,3429.167,3526.682,3511.946,3244.891,3082.04,3658.963,3488.484,3589.036,3482.847,3547.28,2325.48,2387.22,2430.217,2428.286,2521.912,2514.211,1867.607,3058.171,2983.095,2823.587,2930.297,3867.989,3781.447,3749.091,3325.362,3064.573,3685.032,3471.984,3684.233,3528.299,3566.166,3565.942,3155.099,3297.624816326531,3509.341,3677.049,3249.2421658817375,3258.218313684479
14:15:00,3606.957,3603.923,3378.816,3532.761,3537.559,3500.749,3220.163,3593.291,3477.829,3726.177,3258.751,3489.011,3449.852,3079.081,3617.347,3636.339,3487.657,3566.532,3505.599,3190.362,3093.625,3667.646,3487.026,3589.591,3488.742,3535.806,2302.197,2415.138,2466.125,2439.15,2522.276,2540.536,1906.503,3131.343,2972.369,2831.832,2975.593,3885.61,3795.706,3800.888,3237.402,3078.656,3659.791,3489.865,3670.069,3541.825,3537.953,3464.181,3169.895,3288.8998979591825,3487.657,3606.957,3112.9040278973976,3117.872511293717
14:30:00,3555.841,3609.661,3336.369,3514.289,3566.621,3444.996,3199.724,3580.147,3400.308,3694.617,3227.09,3524.799,3451.189,3145.69,3656.537,3676.066,3464.615,3536.143,3604.319,3154.875,3047.508,3681.287,3558.39,3633.335,3512.427,3539.418,2320.175,2401.158,2455.521,2429.262,2555.377,2545.749,1915.087,3103.307,2926.019,2866.406,2969.789,3878.405,3779.246,3779.892,3221.344,3163.368,3617.803,3557.59,3649.756,3580.913,3505.148,3434.097,3122.022,3287.6264285714283,3464.615,3555.841,3039.90620831729,3037.764826147841
14:45:00,3590.508,3611.165,3277.162,3561.873,3598.548,3413.482,3190.641,3556.367,3397.017,3718.633,3259.936,3498.991,3372.169,3143.922,3639.516,3674.693,3468.41,3571.402,3597.121,3151.38,2996.524,3692.806,3556.575,3609.568,3471.166,3539.39,2360.746,2424.443,2485.125,2466.822,2579.913,2544.791,1926.183,3112.007,2921.556,2828.272,2922.81,3785.102,3777.931,3738.557,3209.754,3151.22,3635.312,3591.107,3661.579,3528.122,3587.749,3391.929,3089.088,3283.2465918367343,3468.41,3590.508,3034.0823277080067,3034.936538469975
15:00:00,3541.165,3655.63,3299.166,3547.227,3648.754,3426.363,3213.589,3543.672,3409.875,3718.281,3317.43,3630.298,3347.934,3141.502,3642.814,3639.553,3399.723,3548.709,3564.966,3156.502,2993.604,3632.246,3511.8,3582.588,3485.132,3528.13,2348.527,2399.002,2500.638,2468.132,2537.091,2512.736,1891.741,3090.928,2943.352,2832.813,2904.632,3784.425,3769.415,3741.281,3181.469,3161.131,3628.888,3634.746,3678.963,3577.062,3595.214,3424.234,3149.738,3283.322673469388,3426.363,3541.165,3034.8466354003144,3034.1267057640316
15:15:00,3540.541,3637.477,3319.668,3514.11,3579.403,3358.037,3242.241,3494.926,3401.807,3724.006,3337.786,3554.834,3269.798,3089.415,3695.308,3646.182,3349.954,3505.764,3548.99,3173.417,2993.023,3623.325,3485.594,3576.949,3514.618,3576.04,2321.178,2349.447,2476.478,2466.27,2550.12,2495.613,1884.107,3032.857,2999.917,2802.252,2881.442,3871.107,3770.628,3642.947,3166.092,3093.847,3686.034,3604.135,3663.585,3585.952,3630.474,3425.142,3179.68,3272.0921836734688,3425.142,3540.541,3035.148654631084,3033.748898680586
15:30:00,3541.209,3674.166,3371.177,3590.189,3628.198,3329.85,3219.216,3514.402,3406.632,3725.037,3310.988,3547.756,3265.17,3076.103,3736.38,3668.554,3346.814,3524.229,3486.157,3070.543,2995.135,3656.665,3550.932,3492.146,3575.687,3577.966,2311.246,2383.297,2487.442,2476.184,2520.26,2522.108,1864.187,3028.494,2972.907,2750.444,2837.284,3850.526,3743.692,3630.409,3181.009,3055.223,3672.585,3662.533,3667.419,3623.756,3653.657,3370.604,3138.347,3271.120693877551,3406.632,3541.209,3035.148654631084,3033.4148816275138
15:45:00,3555.214,3670.131,3395.22,3551.396,3643.595,3295.962,3214.163,3518.171,3364.759,3714.324,3338.539,3509.016,3246.671,3036.69,3705.222,3700.608,3334.528,3590.258,3531.645,3012.533,3009.868,3618.171,3487.508,3539.186,3563.663,3601.761,2357.385,2369.957,2494.194,2489.324,2497.181,2533.279,1854.952,3048.099,2896.209,2741.183,2848.632,3824.665,3723.451,3633.141,3147.325,2985.723,3733.013,3650.946,3647.497,3616.056,3650.956,3344.209,3157.119,3265.1693469387765,3395.22,3555.214,3035.148654631084,3033.6005742711427
16:00:00,3608.916,3633.847,3407.669,3515.581,3675.912,3322.098,3214.109,3502.218,3398.213,3699.177,3277.145,3467.613,3223.861,2974.784,3689.427,3628.752,3368.778,3552.431,3502.274,2991.067,3025.401,3585.87,3523.852,3561.073,3523.621,3560.436,2356.02,2369.741,2504.941,2476.083,2513.893,2495.53,1900.973,3093.74,2915.925,2711.54,2806.24,3779.02,3758.262,3612.478,3062.429,3006.488,3641.428,3626.08,3603.238,3547.604,3620.824,3293.23,3142.597,3250.457734693878,3407.669,3608.916,3035.148654631084,3033.3755803927465
16:15:00,3564.467,3556.256,3374.701,3490.771,3625.253,3320.251,3178.562,3406.593,3374.579,3619.35,3228.19,3411.411,3238.039,3013.034,3613.09,3542.135,3304.899,3531.434,3462.354,3004.013,2955.814,3534.199,3475.845,3480.491,3427.023,3481.767,2351.193,2306.318,2440.684,2470.527,2484.177,2456.873,1849.994,3005.992,2901.385,2762.508,2786.192,3695.558,3658.751,3571.182,3024.863,3022.193,3556.279,3575.1,3517.24,3497.228,3572.916,3249.406,3141.36,3206.3763265306125,3374.701,3564.467,3035.148654631084,3034.303973799823
16:30:00,3518.773,3501.227,3349.839,3462.3,3585.258,3283.429,3142.518,3334.878,3320.546,3456.19,3183.638,3352.678,3173.415,3016.772,3425.021,3435.443,3264.146,3425.016,3394.803,2968.499,3002.166,3498.369,3411.933,3400.706,3346.842,3414.577,2342.697,2300.345,2404.662,2410.08,2439.501,2430.575,1847.509,2989.792,2867.875,2747.534,2782.887,3649.697,3558.926,3408.79,3041.922,3050.413,3448.87,3499.319,3470.021,3409.325,3447.301,3237.829,3128.635,3154.7650408163277,3334.878,3518.773,3035.148654631084,3035.009856053431
16:45:00,3285.987,3314.029,3226.362,3309.182,3433.86,3226.692,3147.422,3198.537,3185.758,3202.101,3054.428,3262.901,3068.572,3008.873,3341.253,3283.74,3161.501,3317.974,3313.45,2916.803,2961.354,3319.849,3251.848,3265.598,3224.297,3358.441,2303.907,2314.35,2288.484,2370.242,2402.851,2414.736,1875.47,3029.244,2816.673,2681.239,2819.584,3467.028,3443.496,3269.281,2988.48,3001.156,3305.142,3259.21,3284.69,3218.437,3222.423,3230.365,3104.297,3056.1550408163266,3218.437,3285.987,3035.148654631084,3022.134292627731
17:00:00,3177.694,3252.56,3199.14,3190.981,3277.934,3173.018,3128.17,3086.481,3066.429,3103.152,2979.061,3161.405,3119.165,2946.696,3185.11,3203.983,3080.872,3172.982,3200.682,2868.676,2903.486,3277.557,3156.812,3068.804,3130.431,3240.752,2301.223,2291.903,2267.56,2355.607,2328.461,2380.13,1881.291,3001.833,2799.982,2722.679,2767.767,3377.68,3291.75,3198.658,2951.187,2982.002,3175.409,3131.26,3210.57,3178.73,3147.607,3234.987,3055.497,2987.465428571428,3128.17,3177.694,3035.148654631084,3025.746559927103
17:15:00,3118.917,3195.039,3153.937,3168.149,3199.098,3206.926,3096.397,3057.622,2956.908,2990.65,2972.82,3118.828,3103.041,2929.241,3132.456,3142.944,2980.578,3078.17,3083.456,2879.037,2845.757,3135.612,3089.473,2965.362,2945.077,3109.976,2270.044,2300.197,2292.516,2364.474,2310.494,2405.359,1880.436,2987.313,2768.042,2677.621,2783.217,3222.222,3149.954,3094.082,2918.843,2980.898,3093.46,3041.434,3103.226,3164.68,3055.075,3200.155,3044.217,2933.947551020408,3055.075,3118.917,3035.06475078493,3028.1863894909975
17:30:00,3106.037,3130.651,3158.321,3112.534,3158.148,3232.26,3064.449,3034.302,2952.262,3015.287,2974.899,3096.452,3071.286,2946.902,3016.761,3123.693,2959.66,3103.094,2998.601,2887.829,2874.316,3037.391,3081.6,2939.333,2994.288,3143.08,2284.279,2333.166,2335.531,2374.502,2291.663,2423.63,1871.397,2979.954,2729.869,2667.67,2759.97,3221.197,3116.768,3062.213,2910.722,3006.843,3048.082,3050.611,3045.8,3170.375,3049.102,3164.885,3048.931,2921.644816326531,3034.302,3106.037,3037.0741894493653,3030.3969917612285
17:45:00,3112.75,3139.68,3202.905,3094.767,3149.439,3222.253,3014.073,3010.566,2996.926,3010.002,2995.865,3035.888,3063.572,2897.61,3088.047,3087.259,2969.875,3049.3,3002.352,2918.595,2900.57,3053.648,3096.946,2946.622,2996.208,3152.787,2285.419,2235.668,2292.771,2312.051,2305.059,2414.303,2358.272,3000.292,2771.734,2653.316,2699.961,3178.706,3092.742,3023.697,2897.868,2936.007,3013.598,2986.247,2981.381,3078.763,3040.298,3167.946,3060.339,2918.264142857143,3010.002,3112.75,2986.6371072428974,3028.3240698424656
18:00:00,3208.772,3289.412,3352.046,3243.84,3296.19,3335.221,3117.083,3126.288,3083.52,3180.264,3108.757,3137.791,3137.234,2991.528,3127.839,3182.382,3108.321,3142.321,3081.64,3013.201,2944.243,3130.187,3231.102,3044.313,3124.156,3239.349,2331.764,2296.072,2388.229,2393.204,2399.149,2492.76,2719.824,3052.085,2772.551,2711.903,2796.226,3210.262,3215.104,3075.287,2970.733,2938.859,3098.432,3070.772,3031.817,3157.197,3172.98,3204.501,3082.812,3011.4188367346937,3108.321,3208.772,3026.062862244899,3027.9439064079893
18:15:00,3368.754,3447.133,3484.756,3393.714,3427.448,3436.69,3232.466,3338.796,3226.8,3369.417,3263.056,3251.79,3246.196,3068.789,3241.553,3382.447,3222.533,3271.625,3245.906,3078.011,3015.022,3207.25,3391.538,3249.1,3250.999,3329.352,2362.927,2340.818,2454.484,2468.372,2531.003,2566.202,2778.617,3103.243,2865.314,2798.026,2936.573,3293.669,3305.978,3166.964,3074.48,3020.809,3234.11,3222.742,3101.496,3253.941,3270.024,3226.69,3132.459,3121.4302448979583,3232.466,3368.754,3027.058881475668,3027.7092374866465
18:30:00,3545.549,3682.973,3603.398,3584.038,3552.746,3634.666,3433.459,3523.242,3402.302,3593.71,3428.913,3447.542,3432.582,3237.281,3452.353,3612.019,3476.318,3475.708,3421.964,3268.02,3177.59,3436.017,3588.551,3442.751,3493.049,3554.312,2488.028,2445.777,2601.865,2583.86,2653.428,2637.155,2948.353,3215.977,3016.967,2981.559,3117.76,3501.38,3476.655,3329.399,3266.794,3154.5,3383.348,3437.135,3305.193,3468.703,3474.426,3376.867,3290.728,3299.1206122448993,3432.582,3545.549,3026.8330930141296,2983.4613752874625
18:45:00,3628.865,3779.047,3716.279,3679.629,3620.012,3698.824,3506.016,3538.961,3535.319,3723.051,3518.18,3509.329,3575.492,3413.663,3602.484,3711.741,3619.381,3606.538,3451.64,3326.742,3236.87,3581.699,3752.997,3604.583,3646.953,3769.127,2591.741,2509.984,2663.207,2721.122,2730.835,2752.637,3136.843,3310.302,3221.398,3132.362,3227.831,3690.338,3722.158,3581.618,3438.743,3345.473,3613.181,3656.177,3482.002,3732.78,3689.109,3568.62,3454.568,3435.2336938775497,3568.62,3628.865,3025.7917660910525,3026.6137323154467
19:00:00,3674.599,3874.314,3781.779,3734.62,3614.287,3717.619,3559.289,3630.577,3587.532,3728.767,3502.611,3543.383,3638.794,3522.902,3652.867,3740.615,3705.844,3617.182,3513.86,3325.743,3365.119,3630.068,3751.579,3750.719,3725.101,3776.43,2659.294,2587.865,2693.625,2738.362,2763.099,2760.796,3142.473,3460.747,3217.976,3170.528,3329.575,3864.02,3783.197,3606.175,3539.659,3436.964,3723.319,3722.171,3606.835,3842.862,3788.64,3651.563,3509.345,3495.2099999999996,3614.287,3674.599,3046.84784882842,3028.95377711564
19:15:00,3720.168,3853.973,3721.516,3765.44,3609.724,3740.46,3624.792,3617.151,3548.292,3752.472,3551.891,3521.716,3596.496,3527.938,3693.687,3817.928,3678.041,3666.122,3464.917,3370.851,3415.903,3688.47,3751.135,3751.594,3733.188,3766.771,2626.343,2575.556,2711.53,2792.467,2784.051,2776.337,3161.76,3461.518,3239.712,3186.44,3363.268,3849.773,3788.219,3640.439,3523.021,3510.412,3761.633,3778.803,3563.023,3864.908,3780.524,3662.391,3551.766,3508.2557142857145,3617.151,3720.168,3164.693121643394,3083.689691912403
19:30:00,3708.692,3896.623,3782.411,3823.496,3642.88,3769.92,3586.652,3690.838,3638.23,3741.102,3590.567,3559.83,3556.984,3584.234,3760.043,3804.115,3689.382,3698.084,3495.442,3400.651,3433.371,3698.533,3780.65,3793.091,3727.618,3727.412,2674.243,2617.855,2744.268,2824.291,2809.537,2772.392,3216.077,3537.615,3296.946,3212.269,3395.887,3902.188,3872.262,3657.327,3499.544,3494.577,3791.822,3896.936,3689.407,3873.659,3849.484,3659.286,3571.468,3539.5957346938762,3657.327,3708.692,3355.4920576752443,3293.698896853112
19:45:00,3747.851,3866.332,3794.073,3858.893,3673.254,3777.191,3637.319,3697.88,3639.197,3738.471,3627.769,3598.433,3607.117,3624.503,3754.882,3818.27,3618.223,3698.531,3518.509,3386.319,3491.903,3682.093,3797.167,3839.328,3784.742,3639.996,2579.537,2609.74,2757.867,2852.845,2819.259,2850.812,3230.007,3540.794,3252.973,3208.392,3454.279,3918.628,3895.09,3683.698,3593.591,3552.002,3864.286,3916.041,3754.108,3975.297,3858.321,3701.314,3652.833,3559.9991836734694,3652.833,3747.851,3685.3100720930233,3661.843252372673
20:00:00,3746.875,3884.665,3819.557,3857.026,3729.895,3769.267,3691.379,3697.332,3599.97,3705.318,3660.292,3552.578,3522.369,3569.207,3808.337,3861.564,3629.708,3671.726,3542.578,3376.095,3503.59,3759.008,3808.021,3815.804,3755.601,3627.689,2660.147,2622.699,2814.673,2785.952,2775.67,2788.862,3193.094,3487.051,3275.081,3246.895,3469.821,3889.251,3946.828,3644.168,3529.186,3597.451,3844.601,3916.007,3582.539,4013.827,3850.93,3674.459,3637.377,3555.3473469387745,3644.168,3746.875,3442.0310482105883,3373.8344829211514
20:15:00,3723.316,3947.793,3788.548,3732.162,3739.279,3704.119,3746.044,3730.281,3559.81,3643.687,3639.622,3520.073,3562.378,3645.453,3822.051,3822.981,3579.349,3701.579,3509.259,3343.601,3566.676,3794.151,3745.092,3754.237,3765.397,3530.943,2576.998,2603.161,2786.532,2782.534,2725.653,2749.809,3155.207,3463.373,3296.071,3252.3,3474.078,3885.325,3972.28,3625.698,3481.761,3584.213,3873.062,3974.443,3624.791,3976.158,3808.812,3584.474,3693.333,3542.2030000000004,3639.622,3723.316,3224.6434460848163,3150.7377326018272
20:30:00,3720.132,3929.279,3798.261,3787.491,3739.719,3667.335,3759.891,3680.254,3584.53,3635.203,3606.657,3616.189,3556.512,3602.32,3802.528,3905.743,3622.599,3728.771,3520.631,3363.288,3511.218,3772.484,3762.118,3753.511,3715.399,3561.389,2590.118,2600.407,2793.06,2786.887,2700.153,2753.094,3166.428,3481.808,3313.951,3312.997,3398.088,3856.24,3953.446,3620.979,3408.587,3582.69,3807.379,4006.027,3827.68,3908.182,3854.873,3592.496,3639.39,3544.049224489796,3622.599,3720.132,3083.1918878723905,3019.3446554551565
20:45:00,3677.517,3849.266,3773.782,3756.353,3723.595,3692.107,3728.21,3690.789,3477.706,3771.51,3551.758,3616.513,3571.367,3618.89,3717.972,3862.747,3527.467,3685.131,3604.823,3343.622,3570.34,3763.198,3730.9,3699.802,3716.768,3569.862,2533.01,2589.074,2774.457,2764.127,2628.175,2795.43,3184.365,3382.047,3244.704,3262.363,3402.412,3878.004,3907.694,3583.739,3428.697,3605.855,3828.34,4010.302,3845.967,3799.23,3811.236,3604.447,3637.22,3526.385510204081,3618.89,3677.517,2999.2088516483523,2996.9551025572378
21:00:00,3675.06,3883.089,3711.457,3665.162,3685.524,3687.402,3718.408,3672.233,3451.261,3680.074,3552.698,3580.312,3508.316,3578.02,3765.267,3889.718,3440.719,3705.577,3560.184,3340.258,3573.283,3738.251,3689.041,3693.257,3673.548,3499.002,2572.867,2640.794,2773.42,2665.541,2582.463,2779.773,3201.699,3359.768,3266.268,3292.502,3470.301,3760.676,3807.322,3513.192,3359.913,3575.224,3817.659,3897.036,3877.562,3773.06,3776.155,3621.496,3560.241,3501.2663877551017,3580.312,3675.06,2996.1350439560447,2997.849544690607
21:15:00,3588.314,3806.405,3661.819,3655.003,3661.684,3661.416,3681.757,3559.88,3387.457,3627.879,3533.875,3504.293,3534.899,3578.46,3636.378,3804.946,3382.858,3527.944,3496.52,3345.484,3535.887,3679.548,3659.978,3649.819,3663.721,3509.998,2533.863,2613.537,2714.451,2621.762,2585.655,2692.652,3209.688,3306.115,3246.941,3303.194,3442.021,3692.249,3743.359,3466.38,3402.496,3569.284,3712.479,3803.549,3829.999,3752.413,3784.25,3575.051,3557.595,3459.0858163265316,3559.88,3588.314,2996.1350439560447,2997.0952760677965
21:30:00,3590.048,3744.812,3646.971,3650.361,3700.463,3668.466,3684.604,3507.543,3350.454,3544.839,3486.345,3542.23,3459.306,3519.879,3505.332,3772.676,3385.079,3536.934,3441.327,3339.986,3466.313,3558.641,3611.298,3639.068,3591.474,3500.976,2500.788,2639.149,2710.806,2591.51,2570.294,2711.487,3174.165,3348.006,3229.489,3241.686,3445.04,3647.013,3721.338,3457.0,3370.619,3497.714,3691.197,3763.949,3760.45,3707.769,3805.142,3567.669,3537.517,3431.3310612244886,3519.879,3590.048,2996.1350439560447,2996.3713549670397
21:45:00,3547.948,3635.115,3540.209,3594.197,3639.228,3602.969,3637.019,3489.611,3296.416,3431.57,3401.784,3505.304,3371.543,3519.372,3503.877,3634.234,3302.578,3557.577,3397.834,3184.753,3457.842,3445.604,3586.831,3591.554,3538.798,3510.891,2530.032,2543.507,2620.721,2603.164,2530.046,2684.279,3143.925,3292.898,3204.994,3273.022,3383.287,3605.283,3629.862,3446.679,3373.458,3444.926,3622.023,3713.88,3700.176,3636.976,3696.223,3470.655,3462.957,3378.3190000000004,3470.655,3547.948,2996.1350439560447,2996.535630485458
22:00:00,3475.239,3561.892,3476.997,3515.767,3557.938,3583.703,3580.496,3421.522,3222.629,3399.925,3267.976,3414.197,3285.867,3435.95,3420.16,3473.675,3235.103,3482.618,3420.822,3194.559,3366.67,3367.516,3518.682,3458.63,3387.724,3475.002,2497.744,2539.834,2602.811,2562.581,2557.732,2609.157,3181.172,3268.811,3171.766,3261.26,3442.253,3571.16,3577.887,3394.62,3314.321,3429.196,3565.26,3624.402,3601.524,3624.64,3656.592,3452.119,3461.406,3325.9083061224505,3421.522,3475.239,2996.1350439560447,2996.078850951107
22:15:00,3416.828,3515.318,3420.488,3475.748,3577.513,3460.521,3492.597,3379.054,3136.317,3394.489,3227.031,3439.549,3234.213,3370.543,3344.98,3370.331,3211.936,3436.913,3311.428,3119.738,3325.688,3313.158,3433.583,3416.676,3311.518,3352.375,2484.033,2497.578,2538.631,2505.413,2465.487,2644.09,3134.07,3223.03,3186.706,3223.885,3351.991,3441.494,3470.237,3292.533,3288.343,3379.62,3470.421,3563.341,3478.253,3539.964,3523.115,3471.817,3391.801,3266.416040816326,3370.331,3416.828,2996.1350439560447,2993.362656833297
22:30:00,3382.802,3465.802,3337.827,3330.039,3539.286,3428.766,3419.923,3307.416,3077.146,3349.432,3142.541,3334.127,3206.389,3294.324,3288.017,3363.585,3154.329,3333.261,3256.212,3010.912,3309.516,3267.838,3364.004,3374.655,3291.709,3192.554,2463.234,2429.194,2479.627,2429.223,2450.175,2546.169,3064.247,3201.391,3133.171,3204.431,3307.436,3428.457,3430.044,3327.531,3245.86,3317.717,3460.719,3560.675,3444.206,3497.452,3516.49,3329.675,3372.677,3213.5145510204075,3309.516,3382.802,2996.1350439560447,2993.6416498623644
22:45:00,3253.669,3306.997,3256.09,3207.752,3312.257,3321.875,3320.155,3212.808,2944.72,3206.31,3086.67,3246.13,3097.641,3207.117,3146.584,3220.551,3029.357,3204.077,3150.631,2972.875,3216.546,3190.377,3285.284,3250.989,3216.45,3098.667,2386.01,2356.743,2407.317,2348.684,2366.075,2498.756,3019.87,3127.941,3070.493,3133.792,3268.06,3332.99,3345.817,3217.709,3166.037,3264.568,3352.266,3392.858,3338.875,3341.666,3360.807,3215.341,3321.433,3114.218102040815,3212.808,3253.669,2996.1350439560447,2994.6889192423355
23:00:00,3135.095,3277.547,3145.562,3187.365,3303.048,3323.098,3331.967,3119.631,2873.001,3152.496,2986.862,3183.747,3140.193,3146.559,3097.041,3234.783,2997.71,3184.532,3125.027,2929.87,3170.079,3088.021,3187.039,3191.651,3113.559,3113.472,2325.566,2291.08,2331.64,2311.291,2327.406,2456.079,2954.993,3118.656,3082.426,3075.46,3184.786,3277.98,3258.184,3185.425,3175.201,3205.737,3272.706,3342.969,3305.466,3297.37,3319.963,3200.933,3249.987,3067.148142857142,3152.496,3135.095,2996.1350439560447,2994.1949275516617
23:15:00,3096.66,3162.338,3109.879,3114.297,3206.821,3212.273,3219.921,3015.111,2834.91,3066.061,2988.028,3170.213,3061.083,3066.248,2983.529,3139.241,2939.05,3108.443,3150.12,2942.137,3094.296,3070.956,3123.739,3161.099,3060.007,3025.615,2304.117,2243.332,2260.954,2229.916,2285.712,2381.006,2884.458,3094.532,2987.107,3063.878,3105.421,3086.97,3203.683,3078.406,3077.418,3180.053,3200.37,3273.34,3232.459,3195.656,3231.179,3129.438,3128.297,2999.587285714286,3094.296,3096.66,2995.5938708791214,2993.996972143953
23:30:00,2994.902,3179.127,3074.823,3057.681,3176.438,3183.976,3140.238,2927.845,2783.953,3012.594,2882.163,3101.932,3010.532,3024.335,2906.658,3113.713,2880.952,3088.061,3066.338,2898.527,3004.729,2950.999,3079.716,3022.451,3006.708,2951.658,2245.557,2231.645,2216.069,2205.329,2241.373,2363.108,2869.913,3012.572,2968.547,2955.657,3069.501,3085.488,3137.559,3087.139,3071.763,3109.902,3121.777,3215.391,3141.958,3178.115,3143.64,3056.479,3044.417,2944.7744489795923,3024.335,2994.902,2966.7321940505008,2968.0402850851106
23:45:00,2958.74,3054.697,3022.372,3052.821,3129.727,3119.084,3047.416,2897.188,2718.415,2924.159,2850.691,3072.321,2957.571,2985.418,2831.575,3027.991,2850.522,3064.219,2989.131,2846.302,2967.9,2904.348,3041.809,2980.603,2922.454,2957.943,2170.322,2155.176,2161.383,2185.684,2212.256,2298.456,2807.905,2932.769,2945.897,2925.527,3024.847,3025.214,3068.032,3025.148,2965.243,3043.302,3085.467,3157.792,3094.031,3015.746,3153.885,3007.976,3005.962,2890.6823877551024,2980.603,2958.74,2671.3034807923173,2672.3504772323754
